time,step,car_id,role,s,v,delta_v,h,u_policy,u_applied,u_cbf_max,is_safe,is_intervened
0.0,0,1,Follower 1,71.19999999999999,22.0,0.0,12.199999999999989,-0.2700000000000017,-0.2700000000000017,0.6099999999999994,True,False
0.0,0,2,Follower 2,71.19730000000001,22.0,-0.027000000000001023,12.197300000000013,-0.28795499999999874,-0.28795499999999874,0.5963650000000001,True,False
0.0,0,3,Follower 3,71.19712045,22.0,-0.028795500000001084,12.19712045,-0.2891490075000007,-0.2891490075000007,0.5954582724999995,True,False
0.0,0,4,Follower 4,71.197108509925,22.0,-0.02891490074999936,12.197108509925002,-0.2892284089987493,-0.2892284089987493,0.5953979751212505,True,False
0.1004566210045662,1,1,Follower 1,71.20269999999996,21.973,0.027000000000001023,12.256699999999967,-0.2419200000000053,-0.2419200000000053,0.6263349999999989,True,False
0.1004566210045662,1,2,Follower 2,71.19506035,21.9712045,-0.022396499999999264,12.252651350000008,-0.2745003599999983,-0.2745003599999983,0.6014343175000008,True,False
0.1004566210045662,1,3,Follower 3,71.19438738647499,21.97108509925,-0.0273306352500029,12.252217187974985,-0.2777637171600045,-0.2777637171600045,0.5989455417737478,True,False
0.1004566210045662,1,4,Follower 4,71.19433166676839,21.971077159100126,-0.02776843156612685,12.25217734856814,-0.2780536651652715,-0.2780536651652715,0.5987246516453436,True,False
0.2009132420091324,2,1,Follower 1,71.20781919999996,21.948808,0.05119200000000035,12.310203199999961,-0.21635532000000451,-0.21635532000000451,0.6411061599999983,True,False
0.2009132420091324,2,2,Follower 2,71.1934021504,21.943754463999998,-0.01658199599999932,12.305893222400009,-0.26067589883999676,-0.26067589883999676,0.6070036631200009,True,False
0.2009132420091324,2,3,Follower 3,71.1918252011332,21.943308727534,-0.02562185341800216,12.3052077460652,-0.26662119737697054,-0.26662119737697054,0.602449460594259,True,False
0.2009132420091324,2,4,Follower 4,71.19166914828966,21.943271792583598,-0.026625184787295808,12.305125563122466,-0.2672829200871414,-0.2672829200871414,0.6019436857624755,True,False
0.3013698630136986,3,1,Follower 1,71.21510195319996,21.927172468,0.07282753200000158,12.360757017199965,-0.19308648672000375,-0.19308648672000375,0.6544516168599991,True,False
0.3013698630136986,3,2,Follower 2,71.1924198449212,21.917686874115997,-0.009823054788000718,12.35704609668921,-0.24665458666751902,-0.24665458666751902,0.6129407774404602,True,False
0.3013698630136986,3,3,Follower 3,71.18946268189848,21.916646607796302,-0.023625192347058288,12.356169466305872,-0.2556794506644303,-0.2556794506644303,0.6059958771417645,True,False
0.3013698630136986,3,4,Follower 4,71.18912266450516,21.916543500574885,-0.025464837845024846,12.356035663355392,-0.25688755763907395,-0.25688755763907395,0.6050693642452573,True,False
0.4018264840182648,4,1,Follower 1,71.22431557126714,21.907863819327996,0.09213618067200358,12.408587932611148,-0.17191307912112544,-0.17191307912112544,0.6664974869665592,True,False
0.4018264840182648,4,2,Follower 2,71.19218495451787,21.893021415449244,-0.0023489040333615208,12.406142123619382,-0.23258207523747065,-0.23258207523747065,0.6191326541642884,True,False
0.4018264840182648,4,3,Follower 3,71.18733113641804,21.89107866272986,-0.021315454804362588,12.405173810958317,-0.24490987368382713,-0.24490987368382713,0.6096009631457346,True,False
0.4018264840182648,4,4,Follower 4,71.18669595756022,21.890854744810976,-0.02426706944949686,12.404986467938265,-0.24683973081225563,-0.24683973081225563,0.6081157886721649,True,False
0.502283105022831,5,1,Follower 1,71.23524832012555,21.890672511415882,0.10932748858411756,12.453903297293785,-0.15265207618244625,-0.15265207618244625,0.677358909156748,True,False
0.502283105022831,5,2,Follower 2,71.19274936410508,21.869763207925498,0.005644095872138877,12.453222948254087,-0.2185801360394082,-0.2185801360394082,0.6254831953487738,True,False
0.502283105022831,5,3,Follower 3,71.18546288831406,21.86658767536148,-0.018682481039920873,12.452287537591104,-0.2342945576893934,-0.2342945576893934,0.6132731363595948,True,False
0.502283105022831,5,4,Follower 4,71.1843947023465,21.866170771729752,-0.02301255213721376,12.45205315888699,-0.23711299293587212,-0.23711299293587212,0.6110963818757427,True,False
0.6027397260273972,6,1,Follower 1,71.24770758974577,21.875407303797637,0.12459269620236313,12.496892982150499,-0.1351363479307114,-0.1351363479307114,0.6871409972087066,True,False
0.6027397260273972,6,2,Follower 2,71.19414821157338,21.84790519432156,0.013988474683007013,12.49833782293026,-0.20474970759062414,-0.20474970759062414,0.6319111284880166,True,False
0.6027397260273972,6,3,Follower 3,71.18389008871105,21.84315821959254,-0.015727996030040714,12.497573649525975,-0.22382401646007055,-0.22382401646007055,0.6170146844612785,True,False
0.6027397260273972,6,4,Follower 4,71.18222633689754,21.842459472436165,-0.02168365448963172,12.497307392025213,-0.22768272704719175,-0.22768272704719175,0.6140235423564449,True,False
0.7031963470319634,7,1,Follower 1,71.2615182228453,21.861893669004566,0.13810633099543423,12.537730884836165,-0.11921327730288489,-0.11921327730288489,0.6959397097395255,True,False
0.7031963470319634,7,2,Follower 2,71.19640242334455,21.827430223562498,0.022542117711779497,12.541541976219555,-0.19117359382159763,-0.19117359382159763,0.6383481576668676,True,False
0.7031963470319634,7,3,Follower 3,71.18264379333442,21.820775817946533,-0.012462953766195994,12.541092157441355,-0.2134952826778136,-0.2134952826778136,0.6208231309889698,True,False
0.7031963470319634,7,4,Follower 4,71.18019984589228,21.819691199731444,-0.02026491005269193,12.540817446429386,-0.2185264145496996,-0.2185264145496996,0.6169084172951234,True,False
0.8036529680365296,8,1,Follower 1,71.27652098871786,21.849972341274277,0.15002765872572255,12.576576306169308,-0.1047435014984563,-0.1047435014984563,0.7038426446713267,True,False
0.8036529680365296,8,2,Follower 2,71.19952093603897,21.808312864180337,0.031185126944095032,12.582895207678291,-0.17791885114811876,-0.17791885114811876,0.6447373238559622,True,False
0.8036529680365296,8,3,Follower 3,71.18175326227309,21.799426289678753,-0.008905310613226192,12.582900682915586,-0.20331032118716533,-0.20331032118716533,0.6246923788391663,True,False
0.8036529680365296,8,4,Follower 4,71.17832551582063,21.797838558276474,-0.01874330071643726,12.582648399267683,-0.20962377744626792,-0.20962377744626792,0.6197607696051656,True,False
0.9041095890410958,9,1,Follower 1,71.29257118960541,21.839497991124432,0.16050200887556798,12.613575207356547,-0.09159976246173115,-0.09159976246173115,0.7109297648056114,True,False
0.9041095890410958,9,2,Follower 2,71.20350263962024,21.790520979065526,0.03981703581273166,12.622460681489187,-0.1650388979282603,-0.1650388979282603,0.6510315519808252,True,False
0.9041095890410958,9,3,Follower 3,71.18124544544436,21.779095257560037,-0.005078168287337093,12.623054930324287,-0.19327471415512942,-0.19327471415512942,0.6286136623725458,True,False
0.9041095890410958,9,4,Follower 4,71.1766146763819,21.776876180531847,-0.01710839438732137,12.622862315318208,-0.20095682259391695,-0.20095682259391695,0.6225889185722497,True,False
1.004566210045662,10,1,Follower 1,71.30953738811758,21.830338014878258,0.16966198512174202,12.64886135836106,-0.07966585703257854,-0.07966585703257854,0.7172740604789241,True,False
1.004566210045662,10,2,Follower 2,71.20833807361046,21.7740170892727,0.04835433990229987,12.660303895065063,-0.15257537649919842,-0.15257537649919842,0.6571923647044031,True,False
1.004566210045662,10,3,Follower 3,71.18114462199217,21.759767786144526,-0.0010082345217448108,12.661609049703124,-0.18339657894450576,-0.18339657894450576,0.6325763352242838,True,False
1.004566210045662,10,4,Follower 4,71.17507943937967,21.756780498272455,-0.015352370022380768,12.661518442834762,-0.19250981145976792,-0.19250981145976792,0.6253997371305478,True,False
1.1050228310502281,11,1,Follower 1,71.32730024520006,21.822371429175,0.17762857082500005,12.682557386850064,-0.06883567812436586,-0.06883567812436586,0.7229421547550032,True,False
1.1050228310502281,11,2,Follower 2,71.21401090458446,21.75875955162278,0.056728309739781935,12.696491801338894,-0.14055979484001568,-0.14055979484001568,0.6631887449368357,True,False
1.1050228310502281,11,3,Follower 3,71.18147216638106,21.741428128250075,0.0032754438887039328,12.698615909880907,-0.1736856846089612,-0.1736856846089612,0.6365685174383974,True,False
1.1050228310502281,11,4,Follower 4,71.17373244364595,21.73752951712648,-0.013469957337299832,12.698673409392988,-0.1842691746447823,-0.1842691746447823,0.6281986918009995,True,False
1.2054794520547945,12,1,Follower 1,71.34575145906379,21.815487861362563,0.18451213863743732,12.714775736338666,-0.05901233903705751,-0.05901233903705751,0.727994856135652,True,False
1.2054794520547945,12,2,Follower 2,71.22049921011646,21.74470357213878,0.06488305532007743,12.7310920658389,-0.1290149720765237,-0.1290149720765237,0.6689961309519838,True,False
1.2054794520547945,12,3,Follower 3,71.18224641789526,21.72405955978918,0.007742515141945461,12.7341272983169,-0.16415273739438926,-0.16415273739438926,0.6405776224868177,True,False
1.2054794520547945,12,4,Follower 4,71.1725866122847,21.719102599662,-0.011458313612262572,12.734381412960701,-0.17622338687851505,-0.17622338687851505,0.6309899138419038,True,False
1.3059360730593608,13,1,Follower 1,71.36479279631789,21.809586627458856,0.1904133725411441,12.745619541400174,-0.05010737369764441,-0.05010737369764441,0.7324876633405808,True,False
1.3059360730593608,13,2,Follower 2,71.22777659163225,21.731802074931124,0.07277381515796577,12.76417244177,-0.1179563095016565,-0.1179563095016565,0.6745955296674829,True,False
1.3059360730593608,13,3,Follower 3,71.18348263368837,21.70764428604974,0.012362157931221418,12.768194061588893,-0.1548088095601038,-0.1548088095601038,0.6445907820450554,True,False
1.3059360730593608,13,4,Follower 4,71.17165492669668,21.70148026097415,-0.00931685588042086,12.768694404748373,-0.1683628151830799,-0.1683628151830799,0.6337762922972083,True,False
1.4063926940639269,14,1,Follower 1,71.38433520730896,21.80457589008909,0.19542410991090975,12.775183427130784,-0.04204000624497331,-0.04204000624497331,0.7364712263119941,True,False
1.4063926940639269,14,2,Follower 2,71.23581313618064,21.72000644398096,0.08036544548363267,12.795800248218718,-0.10739290650140222,-0.10739290650140222,0.6799727351527523,True,False
1.4063926940639269,14,3,Follower 3,71.18519300851207,21.69216340509373,0.0171037482370906,12.800866198324613,-0.14566488927922946,-0.14566488927922946,0.648595184034776,True,False
1.4063926940639269,14,4,Follower 4,71.17095022036767,21.684643979455842,-0.007047063290034572,12.801662261455988,-0.16067955037931245,-0.16067955037931245,0.6365595814277821,True,False
1.506849315068493,15,1,Follower 1,71.40429801836248,21.800371889464593,0.1996281105354072,12.803554239433296,-0.03473648394683587,-0.03473648394683587,0.7399917672393684,True,False
1.506849315068493,15,2,Follower 2,71.24457624495454,21.70926715333082,0.08763108773908712,12.826041938292903,-0.09732853872546893,-0.09732853872546893,0.6851176407841888,True,False
1.506849315068493,15,3,Follower 3,71.18738674684131,21.677596916165808,0.021937383292467416,12.832192914509697,-0.13673153239587635,-0.13673153239587635,0.6525783373717187,True,False
1.506849315068493,15,4,Follower 4,71.1704849942185,21.66857602441791,-0.004652261491688847,12.83333294538268,-0.1531672299935396,-0.1531672299935396,0.6393405165232896,True,False
1.6073059360730593,16,1,Follower 1,71.42460819425548,21.796898241069908,0.2031017589300923,12.830811712115668,-0.0281294679583331,-0.0281294679583331,0.7430914650708296,True,False
1.6073059360730593,16,2,Follower 2,71.25403134443613,21.699534299458275,0.0945509948158012,12.854962745519579,-0.08776251400116326,-0.08776251400116326,0.6900236346838796,True,False
1.6073059360730593,16,3,Follower 3,71.19007017535452,21.66392376292622,0.026834285131936753,12.86222264950208,-0.12801859945839542,-0.12801859945839542,0.6565282750410724,True,False
1.6073059360730593,16,4,Follower 4,71.17027125437468,21.653259301418554,-0.002137398438172511,12.863752651537574,-0.1458208588605668,-0.1458208588605668,0.6421189333577925,True,False
1.7077625570776256,17,1,Follower 1,71.44519966482807,21.794085294274076,0.20591470572592385,12.857029076279915,-0.022157476906718543,-0.022157476906718543,0.7458088066769577,True,False
1.7077625570776256,17,2,Follower 2,71.26414249428865,21.690758048058157,0.10111149852524548,12.882626398172334,-0.07869041983710313,-0.07869041983710313,0.6946870691712395,True,False
1.7077625570776256,17,3,Follower 3,71.19324688566394,21.651121902980382,0.03176710309406516,12.891003079703175,-0.11953506375690866,-0.11953506375690866,0.6604337055321914,True,False
1.7077625570776256,17,4,Follower 4,71.1703203724819,21.638677215532496,0.0004911810721957011,12.892965941416904,-0.13863663225547337,-0.13863663225547337,0.6448938876069431,True,False
1.8082191780821917,18,1,Follower 1,71.46601271016971,21.791869546583403,0.2081304534165973,12.882273617002902,-0.016764378722532475,-0.016764378722532475,0.7481789075584437,True,False
1.8082191780821917,18,2,Follower 2,71.27487290455232,21.682889006074447,0.10730410263670365,12.90909489240343,-0.07010477488121153,-0.07010477488121153,0.6991067959385234,True,False
1.8082191780821917,18,3,Follower 3,71.19691789886211,21.639168396604692,0.03671013198163564,12.918581105652727,-0.1112888781093794,-0.1112888781093794,0.6642841212734543,True,False
1.8082191780821917,18,4,Follower 4,71.17064296813058,21.62481355230695,0.003225956486804904,12.92101586351668,-0.1316117651790959,-0.1316117651790959,0.6476637714192365,True,False
1.9086757990867578,19,1,Follower 1,71.48699339929857,21.79019310871115,0.20980689128884933,12.906607181876268,-0.011898926534144039,-0.011898926534144039,0.7502338047382381,True,False
1.9086757990867578,19,2,Follower 2,71.28618537329945,21.675878528586328,0.11312468747140869,12.934428316126791,-0.06199559536853999,-0.06199559536853999,0.7032837595420439,True,False
1.9086757990867578,19,3,Follower 3,71.20108184488767,21.628039508793755,0.04163946025571974,12.945002827300158,-0.10328688989829064,-0.10328688989829064,0.6680698714928678,True,False
1.9086757990867578,19,4,Follower 4,71.17124881253207,21.611652375789042,0.00605844401488298,12.947944060953986,-0.12474433043140677,-0.12474433043140677,0.6504264250551408,True,False
2.009132420091324,20,1,Follower 1,71.50809307769279,21.789003216057736,0.21099678394226373,12.930086645577319,-0.00751433480525987,-0.00751433480525987,0.7520027242499978,True,False
2.009132420091324,20,2,Follower 2,71.29804265465222,21.669678969049475,0.11857281352773441,12.958684716553272,-0.05435088640269113,-0.05435088640269113,0.7072206425915308,True,False
2.009132420091324,20,3,Follower 3,71.2057351509482,21.617710819803925,0.04653306060528095,12.97031351134035,-0.09553479539080971,-0.09553479539080971,0.6717822058696581,True,False
2.009132420091324,20,4,Follower 4,71.17214675228396,21.5991779427459,0.008979397518942278,12.973790866792164,-0.1180331072998051,-0.1180331072998051,0.6531792420990794,True,False
2.1095890410958904,21,1,Follower 1,71.52926789943507,21.78825178257721,0.21174821742279093,12.952764334280651,-0.0035678922263785995,-0.0035678922263785995,0.7535123254254281,True,False
2.1095890410958904,21,2,Follower 2,71.31040776594676,21.664243880409206,0.1236511129453639,12.981920005128352,-0.047157066846951964,-0.047157066846951964,0.7109215567290996,True,False
2.1095890410958904,21,3,Follower 3,71.21087223429416,21.608157340264842,0.051370833459667864,12.994557553764473,-0.08803712570640786,-0.08803712570640786,0.6754132944180576,True,False
2.1095890410958904,21,4,Follower 4,71.17334465185178,21.58737463201592,0.011978995678283866,12.99859538781994,-0.11147744203731767,-0.11147744203731767,0.6559192672301389,True,False
2.2100456621004563,22,1,Follower 1,71.55047840009959,21.78789499335457,0.2121050066454302,12.974688413390453,-2.060817349516797e-05,-2.060817349516797e-05,0.7547869239922378,True,False
2.2100456621004563,22,2,Follower 2,71.32324424182806,21.65952817372451,0.1283647588127117,13.004187894379044,-0.0403993356442191,-0.0403993356442191,0.7143917741253081,True,False
2.2100456621004563,22,3,Follower 3,71.21648569554075,21.599353627694203,0.056134612465886136,13.017778440152348,-0.08079725795138568,-0.08079725795138568,0.6789562282405606,True,False
2.2100456621004563,22,4,Follower 4,71.17484935326047,21.576226887812187,0.015047014086878363,13.022395577636097,-0.10507712078402828,-0.10507712078402828,0.658643285925244,True,False
2.3105022831050226,23,1,Follower 1,71.57168910684584,21.787892932537222,0.21210706746277808,12.995903241771394,0.0031631101762235048,0.0031631101762235048,0.7558486958199588,True,False
2.3105022831050226,23,2,Follower 2,71.33651634216753,21.65548824016009,0.13272100339475656,13.02553986184735,-0.034061986528311994,-0.034061986528311994,0.7176374947897458,True,False
2.3105022831050226,23,3,Follower 3,71.22256650950158,21.591273901899065,0.060808139608191425,13.040018705703446,-0.07381744604158805,-0.07381744604158805,0.682405005089268,True,False
2.3105022831050226,23,4,Follower 4,71.17666665141658,21.565719175733783,0.018172981561122015,13.045228299949017,-0.09883225517295244,-0.09883225517295244,0.6613479057780118,True,False
2.410958904109589,24,1,Follower 1,71.59286818249035,21.788209243554846,0.21179075644515422,13.016449695380658,0.006015752729836538,0.006015752729836538,0.75671786299161,True,False
2.410958904109589,24,2,Follower 2,71.35018921989956,21.652082041507256,0.13672877732057387,13.04602513688505,-0.02812867732191275,-0.02812867732191275,0.7206656455045395,True,False
2.410958904109589,24,3,Follower 3,71.22910421114959,21.583892157294905,0.06537701648015926,13.06131989655978,-0.06709886660104782,-0.06709886660104782,0.6857545030680687,True,False
2.410958904109589,24,4,Follower 4,71.17880128345843,21.555835950216487,0.021346320418313525,13.067129383025453,-0.09274318054051509,-0.09274318054051509,0.6640296293604294,True,False
2.5114155251141552,25,1,Follower 1,71.61398710060757,21.78881081882783,0.21118918117216978,13.036365462951913,0.008566975792610343,0.008566975792610343,0.7574128637336806,True,False
2.5114155251141552,25,2,Follower 2,71.36422905416276,21.649269173775064,0.14039834263202877,13.065690706612635,-0.02258265933041609,-0.02258265933041609,0.7234837066466462,True,False
2.5114155251141552,25,3,Follower 3,71.23608707487031,21.5771822706348,0.06982863720722321,13.081722533600711,-0.06064167607280879,-0.06064167607280879,0.6890004452836472,True,False
2.5114155251141552,25,4,Follower 4,71.18125693054492,21.546561632162437,0.024556470865082503,13.088133666220045,-0.08681036641687125,-0.08681036641687125,0.6666849187435435,True,False
2.6118721461187215,26,1,Follower 1,71.63502034896686,21.789667516407093,0.21033248359290724,13.055685316152676,0.010843848027759173,0.010843848027759173,0.7579505076040874,True,False
2.6118721461187215,26,2,Follower 2,71.37860315349957,21.647010907842024,0.14374099336784596,13.084581337815521,-0.017406971726724216,-0.017406971726724216,0.7260995635746991,True,False
2.6118721461187215,26,3,Follower 3,71.24350228563449,21.57111810302752,0.074152107641833,13.101266079579453,-0.054445075822953194,-0.054445075822953194,0.6921393577998892,True,False
2.6118721461187215,26,4,Follower 4,71.18403623053737,21.53788059552075,0.02779299992447193,13.108275039495872,-0.08103433878876842,-0.08103433878876842,0.6693102519370296,True,False
2.7123287671232874,27,1,Follower 1,71.65594515884584,21.79075190120987,0.2092480987901304,13.0744413564261,0.012871075086759193,0.012871075086759193,0.7583461172163702,True,False
2.7123287671232874,27,2,Follower 2,71.3932800333045,21.645270210669352,0.14676879804919452,13.102739611965802,-0.012584605273355726,-0.012584605273355726,0.7285213796228874,True,False
2.7123287671232874,27,3,Follower 3,71.25133610110417,21.565673595445222,0.0783381546967945,13.119988910213728,-0.048507382573414755,-0.048507382573414755,0.6951685228590837,True,False
2.7123287671232874,27,4,Follower 4,71.18714080009198,21.529777161641874,0.031045695546005447,13.127586476808233,-0.0754156134970021,-0.0754156134970021,0.6719021716134144,True,False
2.8127853881278537,28,1,Follower 1,71.67674125797396,21.792039008718547,0.2079609912814533,13.092663240536865,0.014671204759583417,0.014671204759583417,0.7586136576675699,True,False
2.8127853881278537,28,2,Follower 2,71.40822947120975,21.644011750142017,0.14949437905248786,13.120205970925717,-0.008098639237676328,-0.008098639237676328,0.7307574880725298,True,False
2.8127853881278537,28,3,Follower 3,71.25957400400719,21.56082285718788,0.08237902903037053,13.137928289631432,-0.04282610197463477,-0.04282610197463477,0.6980859289967569,True,False
2.8127853881278537,28,4,Follower 4,71.19057126476179,21.522235600292174,0.03430464669824218,13.146100064177439,-0.06995464004144,-0.06995464004144,0.6744573265579931,True,False
2.91324200913242,29,1,Follower 1,71.6973906450545,21.793506129194505,0.2064938708054953,13.110378386665488,0.01626481433380783,0.01626481433380783,0.7587658547360221,True,False
2.91324200913242,29,2,Follower 2,71.4234225436507,21.64320188621825,0.15193072440963462,13.137018771214201,-0.003932354917977138,-0.003932354917977138,0.7328163007655274,True,False
2.91324200913242,29,3,Follower 3,71.2682008443808,21.556540246990416,0.08626840373603528,13.155120350399969,-0.0373980035358624,-0.0373980035358624,0.7008902193880161,True,False
2.91324200913242,29,4,Follower 4,71.19432729579665,21.51524013628803,0.037560310348801806,13.163847023220598,-0.06465175501179025,-0.06465175501179025,0.6769725063354308,True,False
3.013698630136986,30,1,Follower 1,71.71787738399172,21.795132610627885,0.20486738937211513,13.12761216273595,0.017670681705174662,0.017670681705174662,0.7588143028228551,True,False
3.013698630136986,30,2,Follower 2,71.43883164645788,21.64280865072645,0.15409102807195296,13.153214345004983,-6.932880696801369e-05,-6.932880696801369e-05,0.7347062312862257,True,False
3.013698630136986,30,3,Follower 3,71.27720097150171,21.55280044663683,0.09000127120892287,13.171600078228053,-0.03221919547775496,-0.03221919547775496,0.7035806395158641,True,False
3.013698630136986,30,4,Follower 4,71.1984076524269,21.508774960786848,0.040803566302205496,13.180857730853198,-0.059507144334600595,-0.059507144334600595,0.6794446696937627,True,False
3.1141552511415522,31,1,Follower 1,71.73818741611188,21.796899678798404,0.20310032120159605,13.144388058515077,0.01890594164841808,0.01890594164841808,0.7587695635265519,True,False
3.1141552511415522,31,2,Follower 2,71.45443050196965,21.642801717845753,0.1559885551174922,13.168827066278148,0.003506491929660349,0.003506491929660349,0.7364356308726535,True,False
3.1141552511415522,31,3,Follower 3,71.28655835549668,21.549578527089054,0.0935738399496664,13.187401301318573,-0.027285198366610967,-0.027285198366610967,0.7061569850407619,True,False
3.1141552511415522,31,4,Follower 4,71.2028102285168,21.502824246353388,0.044025760899003785,13.19716173581002,-0.05452081352064723,-0.05452081352064723,0.681870967240003,True,False
3.2146118721461185,32,1,Follower 1,71.75830838881552,21.798790272963245,0.20120972703675477,13.160727842889031,0.019986228535002953,0.019986228535002953,0.758641255662829,True,False
3.2146118721461185,32,2,Follower 2,71.47019415484746,21.64315236703872,0.15763652877802414,13.183889420770022,0.006810729293314749,0.006810729293314749,0.7380127354275132,True,False
3.2146118721461185,32,3,Follower 3,71.29625669876825,21.54685000725239,0.09698343271566046,13.202556684263463,-0.022591016639230327,-0.022591016639230327,0.7086195505710035,True,False
3.2146118721461185,32,4,Follower 4,71.20753210257551,21.497372165001323,0.04721874058714448,13.212787772572867,-0.04969256510752426,-0.04969256510752426,0.6842487589222156,True,False
3.315068493150685,33,1,Follower 1,71.77822949923382,21.800788895816744,0.19921110418325583,13.176651707600328,0.020925806672910233,0.020925806672910233,0.7584381374716443,True,False
3.315068493150685,33,2,Follower 2,71.48609895849907,21.643833439968052,0.15904803651598343,13.198432078562966,0.009858527522230542,0.009858527522230542,0.7394456221861401,True,False
3.315068493150685,33,3,Follower 3,71.30627953748143,21.544590905588468,0.10022838713180704,13.217097726304495,-0.01813120733778603,-0.01813120733778603,0.7109690798811283,True,False
3.315068493150685,33,4,Follower 4,71.21256959021193,21.492402908490572,0.05037487636411697,13.227763773230784,-0.04502198251549955,-0.04502198251549955,0.6865756268435977,True,False
3.415525114155251,34,1,Follower 1,71.7979413515854,21.802881476484036,0.19711852351596448,13.192178398617322,0.02173768934167182,0.02173768934167182,0.7581681816888484,True,False
3.415525114155251,34,2,Follower 2,71.50212255376888,21.644819292720275,0.16023595269792779,13.212483968328335,0.01266451754888305,0.01266451754888305,0.7407421747653807,True,False
3.415525114155251,34,3,Follower 3,71.31661033344349,21.54277778485469,0.1033079596204729,13.231054763734114,-0.013899945550677376,-0.013899945550677376,0.7132067179969422,True,False
3.415525114155251,34,4,Follower 4,71.21791829821798,21.48790071023902,0.05348708006059866,13.242116877739939,-0.040508419567547437,-0.040508419567547437,0.6888493839172963,True,False
3.515981735159817,35,1,Follower 1,71.81743582704354,21.805055245418203,0.1949447545817975,13.207325336207134,0.022433747502873302,0.022433747502873302,0.7578386441012555,True,False
3.515981735159817,35,2,Follower 2,71.5182438413382,21.64608574447516,0.16121287569332665,13.226072352387881,0.015242791223208665,0.015242791223208665,0.7419100554660574,True,False
3.515981735159817,35,3,Follower 3,71.32723255677328,21.54138779029962,0.10622223329786351,13.244456976174042,-0.009891086202754099,-0.009891086202754099,0.715333965457634,True,False
3.515981735159817,35,4,Follower 4,71.22357317955768,21.483849868282267,0.056548813397078845,13.255873442993142,-0.03615099496409719,-0.03615099496409719,0.6910680788481965,True,False
3.6164383561643834,36,1,Follower 1,71.83670596502668,21.80729862016849,0.1927013798315116,13.222108724689704,0.023024809081301,0.023024809081301,0.757456126150241,True,False
3.6164383561643834,36,2,Follower 2,71.53444294908613,21.647610023597483,0.16199107747913644,13.23922290189116,0.017606883875300752,0.017606883875300752,0.7429566838341263,True,False
3.6164383561643834,36,3,Follower 3,71.33812975980385,21.540398681679346,0.10897203030566871,13.257332396445157,-0.0060982219604928944,-0.0060982219604928944,0.7173526349750923,True,False
3.6164383561643834,36,4,Follower 4,71.22952858862742,21.480234768785856,0.05955409069743922,13.269059051055706,-0.031948591047248336,-0.031948591047248336,0.693229997901505,True,False
3.7168949771689497,37,1,Follower 1,71.85574585491901,21.80960110107662,0.19039889892338024,13.236543652765768,0.02352074963431454,0.02352074963431454,0.7570266320999786,True,False
3.7168949771689497,37,2,Follower 2,71.55070119549165,21.649370711985014,0.1625824640550384,13.251959771521626,0.01976976396514392,0.01976976396514392,0.7438892206036005,True,False
3.7168949771689497,37,3,Follower 3,71.34928564269367,21.539788859483295,0.11155882889823232,13.269707923727083,-0.0025147371183326384,-0.0025147371183326384,0.7192648106354703,True,False
3.7168949771689497,37,4,Follower 4,71.23577833623645,21.47703990968113,0.06249747609032852,13.281698516874187,-0.027899856236243886,-0.027899856236243886,0.6953336638888736,True,False
3.8173515981735155,38,1,Follower 1,71.87455053731497,21.811953176040053,0.18804682395994732,13.250644185234869,0.023930575156193443,0.023930575156193443,0.7565556212417172,True,False
3.8173515981735155,38,2,Follower 2,71.56700105000908,21.651347688381527,0.16299854517414403,13.264305673246028,0.02174382872148381,0.02174382872148381,0.7447145562493734,True,False
3.8173515981735155,38,3,Follower 3,71.36068411124191,21.53953738577146,0.1139846854822153,13.281609339698988,0.0008661425854281646,0.0008661425854281646,0.7210728097260571,True,False
3.8173515981735155,38,4,Follower 4,71.2423157438337,21.474249924057506,0.06537407597249612,13.293815895718687,-0.024003210564387166,-0.024003210564387166,0.6973778327721825,True,False
3.917808219178082,39,1,Follower 1,71.89311591395938,21.81434623355567,0.18565376644432874,13.264423446848035,0.024262497699343827,0.024262497699343827,0.7560480555645661,True,False
3.917808219178082,39,2,Follower 2,71.58332609121626,21.653522071253676,0.1632504120719318,13.276281948708913,0.023540904809065927,0.023540904809065927,0.7454393034714116,True,False
3.917808219178082,39,3,Follower 3,71.37230932741238,21.539624000030003,0.11625216170457975,13.293061327352376,0.0040513042085820045,0.0040513042085820045,0.7227791472199088,True,False
3.917808219178082,39,4,Follower 4,71.24913369657867,21.47184960300107,0.06817952744979294,13.30543449057653,-0.020256853796234604,-0.020256853796234604,0.699361488253723,True,False
4.018264840182648,40,1,Follower 1,71.87143866562684,21.816772483325607,-0.21677248332560595,13.237893698975626,-0.24147599556472166,-0.24147599556472166,0.5535084432859784,True,False
4.018264840182648,40,2,Follower 2,71.59700096341973,21.655876161734582,0.1367487220345538,13.285248639950566,0.0074832531849523265,0.0074832531849523265,0.7326367930148052,True,False
4.018264840182648,40,3,Follower 3,71.38396886307262,21.54002913045086,0.11659535660221465,13.303910602170902,0.00587138733325912,0.00587138733325912,0.7234932084096525,True,False
4.018264840182648,40,4,Follower 4,71.25621293173492,21.469823917621444,0.07079235156274422,13.316565096492035,-0.016737000832019074,-0.016737000832019074,0.7012244306059738,True,False
4.1187214611872145,41,1,Follower 1,71.81217617724991,21.792624883769136,-0.5926248837691332,13.226926409711638,-0.4856140792758751,-0.4856140792758751,0.3650338786010153,True,False
4.1187214611872145,41,2,Follower 2,71.6057448622986,21.656624487053076,0.08743898878847389,13.292495888192441,-0.02353711058760783,-0.02353711058760783,0.708344288803859,True,False
4.1187214611872145,41,3,Follower 3,71.39533431375364,21.540616269184188,0.11365450681012845,13.31410177538526,0.005444475545558811,0.005444475545558811,0.7225323421743273,True,False
4.1187214611872145,41,4,Follower 4,71.26351398165498,21.46815021753824,0.07301049920050318,13.327213546578498,-0.013572409848267061,-0.013572409848267061,0.7028659269291766,True,False
4.219178082191781,42,1,Follower 1,71.71776982966571,21.74406347584155,-0.9440634758415456,13.229642877982613,-0.7099995882877295,-0.7099995882877295,0.18945040597835794,True,False
4.219178082191781,42,2,Follower 2,71.60762413640043,21.654270775994316,0.018792741018462067,13.2990825844118,-0.06699263887580269,-0.06699263887580269,0.6743504997298211,True,False
4.219178082191781,42,3,Follower 3,71.40597539329042,21.541160716738744,0.10641079536799225,13.32365395981293,0.0021280572057285896,0.0021280572057285896,0.7193880956746427,True,False
4.219178082191781,42,4,Follower 4,71.27097203624557,21.466792976553414,0.0745805459059028,13.337386083138739,-0.010924205931858916,-0.010924205931858916,0.7041595771098884,True,False
4.319634703196347,43,1,Follower 1,71.59046347796448,21.67306351701278,-1.2730635170127726,13.24433644393892,-0.9163205832434237,-0.9163205832434237,0.025685063690559673,True,False
4.319634703196347,43,2,Follower 2,71.60101013105862,21.647571512106737,-0.06614005341830165,13.305867106845142,-0.12067883210313007,-0.12067883210313007,0.6322233286331063,True,False
4.319634703196347,43,3,Follower 3,71.41538840393414,21.541373522459317,0.09413010643710606,13.332641359015511,-0.004522241148002586,-0.004522241148002586,0.7136971211693286,True,False
4.319634703196347,43,4,Follower 4,71.27849411048399,21.46570055596023,0.075220742384289,13.347092998563532,-0.008970109362699215,-0.008970109362699215,0.7049650211203211,True,False
4.4200913242009126,44,1,Follower 1,71.43232033209563,21.581431458688435,-1.581431458688428,13.269457414718758,-1.1061191953412965,-1.1061191953412965,-0.127242858608276,True,False
4.4200913242009126,44,2,Follower 2,71.58454172208437,21.635503628896423,-0.16468408974211712,13.313534464291521,-0.18267726085588015,-0.18267726085588015,0.5833346783435176,True,False
4.4200913242009126,44,3,Follower 3,71.42301986438076,21.540921298344518,0.07631460446631522,13.341177267691727,-0.014788014318974689,-0.014788014318974689,0.705216165617744,True,False
4.4200913242009126,44,4,Follower 4,71.28595800567284,21.46480354502396,0.07463895188866232,13.356350915624922,-0.007892309805428786,-0.007892309805428786,0.7051370217255774,True,False
4.520547945205479,45,1,Follower 1,71.2452383781802,21.470819539154306,-1.8708195391542972,13.303599299871593,-1.2808042709061285,-1.2808042709061285,-0.27022980458356893,True,False
4.520547945205479,45,2,Follower 2,71.55709204300967,21.617235902810833,-0.27449679074713984,13.322620237388008,-0.25132257108825107,-0.25132257108825107,0.5288826164958306,True,False
4.520547945205479,45,3,Follower 3,71.42828597925973,21.53944249691262,0.05266114878938666,13.349400985434485,-0.028818292740171884,-0.028818292740171884,0.6938006236664176,True,False
4.520547945205479,45,4,Follower 4,71.29321264103235,21.464014314043414,0.07254635359518957,13.365184012945527,-0.007868341774553575,-0.007868341774553575,0.7045323774448712,True,False
4.621004566210045,46,1,Follower 1,71.03096446697384,21.342739112063693,-2.1427391120636834,13.345486242846455,-1.4416629198192021,-1.4416629198192021,-0.4040952438895189,True,False
4.621004566210045,46,2,Follower 2,71.51773896044764,21.592103645702007,-0.39353082562023545,13.33353166904363,-0.32517305972425936,-0.32517305972425936,0.4699111706420638,True,False
4.621004566210045,46,3,Follower 3,71.43058854646884,21.536560667638604,0.023025672090977167,13.357467211191633,-0.04665528153501572,-0.04665528153501572,0.6793861966050703,True,False
4.621004566210045,46,4,Follower 4,71.30007940699427,21.46322747986596,0.06866765961914112,13.373624447262351,-0.00906441514815394,-0.00906441514815394,0.7030150521726881,True,False
4.7214611872146115,47,1,Follower 1,70.79110718496565,21.198572820081772,-2.3985728200817604,13.39396154480211,-1.5898710628389614,-1.5898710628389614,-0.5295883328007747,True,False
4.7214611872146115,47,2,Follower 2,71.46573889785446,21.55958633972958,-0.5200006259317043,13.346566218395303,-0.4029844495760317,-0.4029844495760317,0.40732799795391306,True,False
4.7214611872146115,47,3,Follower 3,71.42932782199753,21.5318951394851,-0.012607244713123578,13.36553754302733,-0.06825621307081349,-0.06825621307081349,0.6619732547948047,True,False
4.7214611872146115,47,4,Follower 4,71.30635425497695,21.462321038351146,0.06274847982687604,13.381712178274661,-0.011630739247668664,-0.011630739247668664,0.7004598488271712,True,False
4.821917808219178,48,1,Follower 1,70.52714861358584,21.039585713797877,-2.6395857137978638,13.447977185990084,-1.7265030646049386,-1.7265030646049386,-0.6473939975994276,True,False
4.821917808219178,48,2,Follower 2,71.40050364911099,21.519287894771978,-0.6523524874345945,13.361927859567032,-0.483686530005331,-0.483686530005331,0.3419201492610544,True,False
4.821917808219178,48,3,Follower 3,71.42391279435688,21.52506951817802,-0.05415027640657755,13.373773758000837,-0.09351182982750092,-0.09351182982750092,0.6416135496967531,True,False
4.821917808219178,48,4,Follower 4,71.31181029205385,21.461157964426377,0.05456037076889331,13.389494363201095,-0.015698451852033377,-0.015698451852033377,0.6967549035445014,True,False
4.922374429223744,49,1,Follower 1,70.24045507285211,20.866935407337383,-2.866935407337369,13.506584258177348,-1.8525405315929913,-1.8525405315929913,-0.758138490759817,True,False
4.922374429223744,49,2,Follower 2,71.32157986035165,21.470919241771444,-0.7892378875933588,13.37974137680876,-0.5663623635472285,-0.5663623635472285,0.2743681250437586,True,False
4.922374429223744,49,3,Follower 3,71.413769261379,21.51571833519527,-0.10143532977854974,13.382332590988462,-0.12226195084743363,-0.12226195084743363,0.6183989646601482,True,False
4.922374429223744,49,4,Follower 4,71.31620069414078,21.459588119241175,0.04390402086935197,13.397024455658425,-0.021377827029245643,-0.021377827029245643,0.6918032332175973,True,False
5.0228310502283104,50,1,Follower 1,69.9322869374343,20.681681354178085,-3.0816813541780697,13.568924229078128,-1.9688803474173822,-1.9688803474173822,-0.8623944656351283,True,False
5.0228310502283104,50,2,Follower 2,71.2286308917536,21.41428300541672,-0.929489685980375,13.400064880920155,-0.6502297891554756,-0.6502297891554756,0.20525840105582027,True,False
5.0228310502283104,50,3,Follower 3,71.39834605001806,21.503492140110527,-0.1542321136093534,13.391361769797008,-0.15430851888481883,-0.15430851888481883,0.5924520316851738,True,False
5.0228310502283104,50,4,Follower 4,71.31926178930915,21.45745033653825,0.03061095168379424,13.40436111623265,-0.02875748921100456,-0.02875748921100456,0.6855235316535296,True,False
5.123287671232877,51,1,Follower 1,69.60380760549072,20.484793319436346,-3.2847933194363286,13.634220966618024,-2.076342011598636,-2.076342011598636,-0.960685611387263,True,False
5.123287671232877,51,2,Follower 2,71.12142080093116,21.349260026501174,-1.0721009082246908,13.422900747928814,-0.7346249801443148,-0.7346249801443148,0.1350945832840953,True,False
5.123287671232877,51,3,Follower 3,71.37711967404454,21.488061288222045,-0.2122637597353041,13.400997097600445,-0.18942647580453506,-0.18942647580453506,0.5639179750123703,True,False
5.123287671232877,51,4,Follower 4,71.32071619461159,21.454574587617152,0.014544053024440728,13.411567019377287,-0.03790440669880635,-0.03790440669880635,0.6778503774810848,True,False
5.223744292237443,52,1,Follower 1,69.25609169366305,20.277159118276483,-3.4771591182764645,13.701773457110086,-2.1756743421839255,-2.1756743421839255,-1.053490886282728,True,False
5.223744292237443,52,2,Follower 2,70.9998002164883,21.27579752848674,-1.21620584442865,13.448205159514814,-0.8189878395879068,-0.8189878395879068,0.06430733576141567,True,False
5.223744292237443,52,3,Follower 3,71.34959768443318,21.469118640641593,-0.2752198961136436,13.411360403149992,-0.22737277004948828,-0.22737277004948828,0.5329580721006778,True,False
5.223744292237443,52,4,Follower 4,71.32027591628052,21.45078414694727,-0.0044027833106277114,13.41870762238598,-0.048864476815057324,-0.048864476815057324,0.6687339894639852,True,False
5.3242009132420085,53,1,Follower 1,68.89013252525723,20.05959168405809,-3.6595916840580713,13.770949157141047,-2.267561597370946,-2.267561597370946,-1.1412483841719832,True,False
5.3242009132420085,53,2,Follower 2,70.86369389446762,21.19389874452795,-1.361063220206951,13.475896405411717,-0.9028490381623574,-0.9028490381623574,-0.006736789832889611,True,False
5.3242009132420085,53,3,Follower 3,71.31532093214071,21.446381363636643,-0.3427675229249303,13.422558204867421,-0.2678937614438411,-0.2678937614438411,0.499744148780906,True,False
5.3242009132420085,53,4,Follower 4,71.31764534510316,21.445897699265764,-0.0263057117735066,13.425849946571631,-0.061663548111967434,-0.061663548111967434,0.6581396414418283,True,False
5.424657534246575,54,1,Follower 1,68.50684897282514,19.832835524321,-3.832835524320977,13.841177924183143,-2.35262906650524,-2.35262906650524,-1.2243588659513314,True,False
5.424657534246575,54,2,Follower 2,70.71308977216347,21.103613840711713,-1.5060412230412368,13.505862090740045,-0.9858185194191769,-0.9858185194191769,-0.07772750698361608,True,False
5.424657534246575,54,3,Follower 3,71.27386493226848,21.419591987492257,-0.4145599987224635,13.434680957283966,-0.31073125463892437,-0.31073125463892437,0.46445404850296657,True,False
5.424657534246575,54,4,Follower 4,71.31252409686054,21.439731344454568,-0.05121248242620169,13.433061407951406,-0.07630875321841407,-0.07630875321841407,0.6460468291844695,True,False
5.525114155251141,55,1,Follower 1,68.1070917110581,19.597572617670476,-3.997572617670455,13.911946475717151,-2.431448176453509,-2.431448176453509,-1.30318898504937,True,False
5.525114155251141,55,2,Follower 2,70.548029353289,21.005031988769794,-1.6506041887446692,13.537965375749408,-1.0675753154793577,-1.0675753154793577,-0.1484038255848641,True,False
5.525114155251141,55,3,Follower 3,71.2248404917878,21.388518862028366,-0.4902444048065071,13.44780276773107,-0.3556273626166965,-0.3556273626166965,0.42726793598329993,True,False
5.525114155251141,55,4,Follower 4,71.30460966252394,21.432100469132727,-0.07914434336603193,13.44040872425849,-0.09279004973410246,-0.09279004973410246,0.6324482645299085,True,False
5.6255707762557075,56,1,Follower 1,67.69164893105557,19.354427800025125,-4.154427800025104,13.982793331005318,-2.504541155367403,-2.504541155367403,-1.3780742334622862,True,False
5.6255707762557075,56,2,Follower 2,70.36859927601569,20.89827445722186,-1.7943007727334752,13.572050361571968,-1.1478585323326043,-1.1478585323326043,-0.2185478682881392,True,False
5.6255707762557075,56,3,Follower 3,71.16789373961001,21.352956125766696,-0.5694675217780976,13.461981488076617,-0.402328375376773,-0.402328375376773,0.3883653135147821,True,False
5.6255707762557075,56,4,Follower 4,71.2935998449309,21.422821464159316,-0.1100981759302968,13.447956916612263,-0.11108188667480087,-0.11108188667480087,0.6173487578654648,True,False
5.726027397260274,57,1,Follower 1,67.26125156260673,19.103973684488384,-4.303973684488364,14.053304193629963,-2.5723852922095696,-2.5723852922095696,-1.4493216325626839,True,False
5.726027397260274,57,2,Follower 2,70.17492393114355,20.783488603988598,-1.93675344872117,13.607946723166357,-1.226459378492952,-1.226459378492952,-0.2879793882022671,True,False
5.726027397260274,57,3,Follower 3,71.10270567740105,21.31272328822902,-0.6518806220897169,13.477259100943009,-0.45058778583404036,-0.45058778583404036,0.347922644002292,True,False
5.726027397260274,57,4,Follower 4,71.27919496834627,21.411713275491834,-0.14404876584621817,13.455768417362606,-0.13114493085753748,-0.13114493085753748,0.6007640379450212,True,False
5.82648401826484,58,1,Follower 1,66.81657804707999,18.846735155267428,-4.446735155267408,14.12310773654513,-2.6354168270871017,-2.6354168270871017,-1.5172121908064475,True,False
5.82648401826484,58,2,Follower 2,69.9671590117855,20.660842666139303,-2.0776491935805836,13.645473679506892,-1.3032141238617931,-1.3032141238617931,-0.3565509128149471,True,False
5.82648401826484,58,3,Follower 3,71.02899135181178,21.267664509645616,-0.7371432558924944,13.49366233252055,-0.5001686046754588,-0.5001686046754588,0.30611148867978033,True,False
5.82648401826484,58,4,Follower 4,71.26109985502346,21.39859878240608,-0.18095113322801026,13.463902290211301,-0.15292780174696663,-0.15292780174696663,0.58271954789656,True,False
5.926940639269406,59,1,Follower 1,66.35825869982409,18.58319347255872,-4.583193472558699,14.191871754706654,-2.6940345043990606,-2.6940345043990606,-1.582003148544017,True,False
5.926940639269406,59,2,Follower 2,69.74548588862206,20.530521253753122,-2.2167312316343093,13.684443381115813,-1.3779978874264145,-1.3779978874264145,-0.42414344676136395,True,False
5.926940639269406,59,3,Follower 3,70.94649873339503,21.21764764917807,-0.8249261841675875,13.511203435038894,-0.5508450781414536,-0.5508450781414536,0.263097079668151,True,False
5.926940639269406,59,4,Follower 4,71.23902556893671,21.383306002231382,-0.22074286086746042,13.472413564473946,-0.17636877506011076,-0.17636877506011076,0.5632492477899671,True,False
6.027397260273972,60,1,Follower 1,65.88687969761224,18.313790022118813,-4.713790022118793,14.259299653374619,-2.7486028180299336,-2.7486028180299336,-1.6439300283906657,True,False
6.027397260273972,60,2,Follower 2,69.51010671615256,20.39272146501048,-2.3537917246946627,13.7246637861316,-1.4507191630075769,-1.4507191630075769,-0.4906626730407513,True,False
6.027397260273972,60,3,Follower 3,70.85500737412963,21.162563141363922,-0.914913592654198,13.529881091401784,-0.6024039071172551,-0.6024039071172551,0.21903725824299025,True,False
6.027397260273972,60,4,Follower 4,71.21269093152938,21.365669124725372,-0.2633463740731763,13.481352682078636,-0.201397425190172,-0.201397425190172,0.5423944470673437,True,False
6.127853881278538,61,1,Follower 1,65.40298672358068,18.03892974031582,-4.8389297403158,14.325127242949044,-2.7994549752866003,-2.7994549752866003,-1.7032085080104478,True,False
6.127853881278538,61,2,Follower 2,69.26124018556027,20.247649548709724,-2.4886653059225665,13.76594108814082,-1.521315001781774,-1.521315001781774,-0.5560355985542422,True,False
6.127853881278538,61,3,Follower 3,70.75432690391759,21.102322750652196,-1.0068047021206503,13.549681402613196,-0.6546450522853577,-0.6546450522853577,0.17408171907033465,True,False
6.127853881278538,61,4,Follower 4,71.18182381785113,21.345529382206355,-0.30867113678269575,13.490765053438416,-0.22793618455846615,-0.22793618455846615,0.5202026842805729,True,False
6.2283105022831045,62,1,Follower 1,64.90708829930202,17.758984242787157,-4.958984242787139,14.389119813727703,-2.846895603961522,-2.846895603961522,-1.7600361307071841,True,False
6.2283105022831045,62,2,Follower 2,68.99911784894618,20.095518048531545,-2.6212233661405406,13.808081751883094,-1.5897467788487534,-1.5897467788487534,-0.6202075954761156,True,False
6.2283105022831045,62,3,Follower 3,70.64429541643986,21.03685824542366,-1.1003148747769878,13.570578925592542,-0.7073821981729361,-0.7073821981729361,0.12837150889113325,True,False
6.2283105022831045,62,4,Follower 4,71.14616224403673,21.322735763750508,-0.3566157381441428,13.500690716535715,-0.2559018045946232,-0.2559018045946232,0.49672666675471433,True,False
6.328767123287671,63,1,Follower 1,64.39965883106294,17.474294682391005,-5.0742946823909865,14.451069466280927,-2.8912032247913273,-2.8912032247913273,-1.8145938678814468,True,False
6.328767123287671,63,2,Follower 2,68.72398094787275,19.93654337064667,-2.7513690107347983,13.850894206579405,-1.6559964787892087,-1.6559964787892087,-0.6831397950384289,True,False
6.328767123287671,63,3,Follower 3,70.524777786156,20.966120025606365,-1.1951763028386146,13.592537734943264,-0.7604429385240868,-0.7604429385240868,0.08203873532785588,True,False
6.328767123287671,63,4,Follower 4,71.10545525888301,21.297145583291044,-0.40706985153708786,13.511164092300923,-0.2852067084007977,-0.2852067084007977,0.4720232788465023,True,False
6.429223744292237,64,1,Follower 1,63.88114139507172,17.185174359911873,-5.185174359911855,14.510792675247977,-2.9326325096488994,-2.9326325096488994,-1.8670475461935285,True,False
6.429223744292237,64,2,Follower 2,68.43607768649065,19.77094372276775,-2.879032613820769,13.894190240955147,-1.7200634420478103,-1.7200634420478103,-0.744806794862627,True,False
6.429223744292237,64,3,Follower 3,70.3956639508369,20.890075731753956,-1.2911383531909877,13.615512487328992,-0.8136687363563397,-0.8136687363563397,0.03520644777095583,True,False
6.429223744292237,64,4,Follower 4,71.05946365344974,21.268624912450964,-0.45991605433264127,13.522213828547812,-0.31576022946786697,-0.31576022946786697,0.44615266426107003,True,False
6.529680365296803,65,1,Follower 1,63.351950284177065,16.89191110894698,-5.291911108946964,14.568128066283101,-2.9714163440440853,-2.9714163440440853,-1.917549151159327,True,False
6.529680365296803,65,2,Follower 2,68.13566089608861,19.59893737856297,-3.0041679040203952,13.937786138962672,-1.7819615201610797,-1.7819615201610797,-0.805194645062064,True,False
6.529680365296803,65,3,Follower 3,70.25686718767975,20.808708858118322,-1.3879676315714633,13.6394494714431,-0.8669147041638614,-0.8669147041638614,-0.012011342213576581,True,False
6.529680365296803,65,4,Follower 4,71.00796050326952,21.237048889504177,-0.5150315018022411,13.533862724261162,-0.3474697342450959,-0.3474697342450959,0.4191773853119376,True,False
6.63013698630137,66,1,Follower 1,62.8124733367228,16.594769474542574,-5.3947694745425565,14.622934387637656,-3.0077677108977063,-3.0077677108977063,-1.9662380178893955,True,False
6.63013698630137,66,2,Follower 2,67.82298604377922,19.42074122654686,-3.126748523094058,13.981503590685506,-1.8417165933993258,-1.8417165933993258,-0.8642990820127536,True,False
6.63013698630137,66,3,Follower 3,70.10832240563028,20.722017387701936,-1.4854478204950077,13.664287630226404,-0.9200492428654399,-0.9200492428654399,-0.05950952873618354,True,False
6.63013698630137,66,4,Follower 4,70.9507315580031,21.202301916079666,-0.5722894526642754,13.546127725843768,-0.3802416290611886,-0.3802416290611886,0.3911616599600507,True,False
6.730593607305936,67,1,Follower 1,62.2630740663775,16.2939927034528,-5.4939927034527845,14.675088659471896,-3.0418814110824854,-3.0418814110824854,-2.0132419187527972,True,False
6.730593607305936,67,2,Follower 2,67.49830954329298,19.236569567206928,-3.2467650048623753,14.02517040887912,-1.8993644093691944,-1.8993644093691944,-0.9221239819872316,True,False
6.730593607305936,67,3,Follower 3,69.94998447191574,20.63001246341539,-1.5833793371453808,13.68995954508496,-0.9729535721379083,-0.9729535721379083,-0.1071916913184423,True,False
6.730593607305936,67,4,Follower 4,70.88757549330589,21.164277753173547,-0.6315606469719484,13.559019986958795,-0.4139822539759635,-0.4139822539759635,0.3621706758619656,True,False
6.831050228310502,68,1,Follower 1,61.70409361014305,15.989804562344553,-5.589804562344536,14.724484485453942,-3.0739356348816984,-3.0739356348816984,-2.058678056899571,True,False
6.831050228310502,68,2,Follower 2,67.16188733055162,19.04663312627001,-3.364222127413626,14.068621078011603,-1.9549487055873684,-1.9549487055873684,-0.9786800098062329,True,False
6.831050228310502,68,3,Follower 3,69.78182658686671,20.5327171062016,-1.6815788504903253,13.716392374463517,-1.0255211796143031,-1.0255211796143031,-0.15496980652198677,True,False
6.831050228310502,68,4,Follower 4,70.81830403935231,21.12287952777595,-0.6927145395357819,13.572544983800412,-0.4485986677113926,-0.4485986677113926,0.33226997942212977,True,False
6.931506849315068,69,1,Follower 1,61.13585251025739,15.682410998856383,-5.682410998856367,14.771030512544627,-3.1040933972891738,-3.1040933972891738,-2.1026539738009524,True,False
6.931506849315068,69,2,Follower 2,66.81397367089323,18.851138255711273,-3.479136596583807,14.111697159470687,-2.0085195830372164,-2.0085195830372164,-1.033983440318369,True,False
6.931506849315068,69,3,Follower 3,69.60383871778347,20.43016498824017,-1.7798786908326178,13.743508741303138,-1.0776572119637422,-1.0776572119637422,-0.202763908351152,True,False
6.931506849315068,69,4,Follower 4,70.74274199995622,21.07801966100481,-0.7556203939610135,13.586702677946604,-0.4839993289580294,-0.4839993289580294,0.30152493691682347,True,False
7.031963470319634,70,1,Follower 1,60.55865234434464,15.372001659127466,-5.772001659127451,14.814649026089704,-3.1325038489539474,-3.1325038489539474,-2.14526837825924,True,False
7.031963470319634,70,2,Follower 2,66.45482016857568,18.65028629740755,-3.5915350231754797,14.154247573760578,-2.06013210130554,-2.06013210130554,-1.088055132899711,True,False
7.031963470319634,70,3,Follower 3,69.41602609980677,20.322399267043796,-1.8781261797667987,13.77122756571918,-1.1292778270188266,-1.1292778270188266,-0.2505017115974404,True,False
7.031963470319634,70,4,Follower 4,70.66072717557952,21.029619728109008,-0.8201482437670933,13.601487719361508,-0.5200946801525604,-0.5200946801525604,0.2700002640845288,True,False
7.1324200913242,71,1,Follower 1,59.97277721692143,15.05875127423207,-5.8587512742320556,14.855274668457284,-3.159303473549649,-3.159303473549649,-2.1866119036931635,True,False
7.1324200913242,71,2,Follower 2,66.08467495253569,18.444273087276997,-3.7014521603998904,14.196128777981698,-2.1098450691084487,-2.1098450691084487,-1.1409196413008602,True,False
7.1324200913242,71,3,Follower 3,69.2184078094092,20.209471484341915,-1.9761829039757615,13.79946484072537,-1.1803095228010845,-1.1803095228010845,-0.2981182099516122,True,False
7.1324200913242,71,4,Follower 4,70.57211020277632,20.97761026009375,-0.8861697280319447,13.616889682588813,-0.5567976403394738,-0.5567976403394738,0.2377596201134683,True,False
7.232876712328767,72,1,Follower 1,59.37849512423372,14.742820926877107,-5.942820926877092,14.892853270479506,-3.1846171814139663,-3.1846171814139663,-2.2267677999145707,True,False
7.232876712328767,72,2,Follower 2,65.70378201537261,18.233288580366153,-3.808929371630443,14.237204854640304,-2.1577200068912035,-2.1577200068912035,-1.1926044430832063,True,False
7.232876712328767,72,3,Follower 3,69.01101541417074,20.091440532061807,-2.0739239523847743,13.82813435004713,-1.2306884564476699,-1.2306884564476699,-0.3455552586900307,True,False
7.232876712328767,72,4,Follower 4,70.47675432181202,20.921930496059804,-0.9535588096427645,13.632893329692415,-0.5940240140184199,-0.5940240140184199,0.20486526166323848,True,False
7.333333333333333,73,1,Follower 1,58.77605920336015,14.42435920873571,-6.024359208735696,14.927340785888731,-3.2085593084500723,-3.2085593084500723,-2.2658125650734116,True,False
7.333333333333333,73,2,Follower 2,65.31238068519394,18.017516579677032,-3.91401330178633,14.277347525839879,-2.20382026076091,-2.20382026076091,-1.243139274601171,True,False
7.333333333333333,73,3,Follower 3,68.79389170088913,19.96837168641704,-2.171237132816099,13.857148328055054,-1.2803597636034836,-1.2803597636034836,-0.39276115000529677,True,False
7.333333333333333,73,4,Follower 4,70.3745350833519,20.86252809465796,-1.0221923846012686,13.64947889403598,-0.6316928229847747,-0.6316928229847747,0.1713777524011647,True,False
7.433789954337899,74,1,Follower 1,58.16570887557111,14.103503277890702,-6.103503277890688,14.958702319789708,-3.231234528502293,-3.231234528502293,-2.3038165229558585,True,False
7.433789954337899,74,2,Follower 2,64.91070521233792,17.79713455360094,-4.016754728560468,14.316436105136034,-2.2482102493139693,-2.2482102493139693,-1.292555559023432,True,False
7.433789954337899,74,3,Follower 3,68.56708948275039,19.840335710056692,-2.268022181387149,13.886418062637006,-1.329276886760349,-1.329276886760349,-0.4396901875617242,True,False
7.433789954337899,74,4,Follower 4,70.26534000425403,20.799358812359483,-1.0919507909788244,13.666622379535063,-0.6697265681329369,-0.6697265681329369,0.13735572348734104,True,False
7.534246575342466,75,1,Follower 1,57.54767089306705,13.780379825040473,-6.180379825040459,14.986911242986103,-3.2527386867064183,-3.2527386867064183,-2.3408443503709244,True,False
7.534246575342466,75,2,Follower 2,64.49898445510797,17.572313528669543,-4.117207572299712,14.354357397768887,-2.2909548269796955,-2.2909548269796955,-1.3408859162614117,True,False
7.534246575342466,75,3,Follower 3,68.33067048520945,19.707408021380658,-2.364189975409083,13.915854442448136,-1.3774009192522338,-1.3774009192522338,-0.48630226558213463,True,False
7.534246575342466,75,4,Follower 4,70.14906818164494,20.732386155546187,-1.1627182260907531,13.68429587055256,-0.708051428042069,-0.708051428042069,0.10285568048225147,True,False
7.634703196347031,76,1,Follower 1,56.92216029743008,13.455105956369831,-6.2551059563698175,15.01194838469042,-3.273159560664556,-3.273159560664556,-2.376955558950388,True,False
7.634703196347031,76,2,Follower 2,64.07744165054118,17.343218045971575,-4.215428045668199,14.391005558598025,-2.3321187493424946,-2.3321187493424946,-1.3881637449041984,True,False
7.634703196347031,76,3,Follower 3,68.08470430936762,19.569667929455434,-2.4596617584181075,13.945368450456755,-1.4246999701124132,-1.4246999701124132,-0.5325624566862159,True,False
7.634703196347031,76,4,Follower 4,70.02562987361515,20.66158101274198,-1.2343830802977855,13.702467848131185,-0.74659740092953,-0.74659740092953,0.06793185225766651,True,False
7.735159817351597,77,1,Follower 1,56.28938129739976,13.127790000303376,-6.327790000303363,15.033801296793001,-3.2925775557009884,-3.2925775557009884,-2.4122049353120314,True,False
7.735159817351597,77,2,Follower 2,63.64629425791077,17.110006171037327,-4.31147392630405,14.426281915836114,-2.371766227550015,-2.371766227550015,-1.4344228673602193,True,False
7.735159817351597,77,3,Follower 3,67.82926747095144,19.427197932444194,-2.5543683841618687,13.974871606063047,-1.4711485537290716,-1.4711485537290716,-0.5784406117777819,True,False
7.735159817351597,77,4,Follower 4,69.89494605405739,20.586921272649025,-1.3068381955777397,13.721103508759334,-0.7852983962603062,-0.7852983962603062,0.03263607764909693,True,False
7.835616438356164,78,1,Follower 1,55.649528072926444,12.798532244733277,-6.398532244733264,15.05246358345989,-3.3110663399126343,-3.3110663399126343,-2.4466429431936376,True,False
7.835616438356164,78,2,Follower 2,63.20575386415675,16.872829548282326,-4.405403937540312,14.460094767592096,-2.4099605603835625,-2.4099605603835625,-1.479697230390551,True,False
7.835616438356164,78,3,Follower 3,67.56444251246867,19.280083077071286,-2.6482495848273153,14.004276358326102,-1.5167270071691867,-1.5167270071691867,-0.6239109744973526,True,False
7.835616438356164,78,4,Follower 4,69.75694794839052,20.508391433022993,-1.3799810566686261,13.740165082344532,-0.8240922819596528,-0.8240922819596528,-0.0029822742170864114,True,False
7.93607305936073,79,1,Follower 1,55.00278551185227,12.467425610742014,-6.467425610742001,15.067934290368243,-3.3286934242327164,-3.3286934242327164,-2.4803160908525888,True,False
7.93607305936073,79,2,Follower 2,62.756026141764266,16.63183349224397,-4.497277223925229,14.492359157276326,-2.446763833878248,-2.446763833878248,-1.5240206540987982,True,False
7.93607305936073,79,3,Follower 3,67.29031718571883,19.128410376354367,-2.741253267498223,14.0334964330101,-1.5614209371489076,-1.5614209371489076,-0.6689518120986064,True,False
7.93607305936073,79,4,Follower 4,69.61157655617174,20.42598220482703,-1.4537139221875535,13.759612146517682,-0.8629208928062841,-0.8629208928062841,-0.03887635376789256,True,False
8.036529680365296,80,1,Follower 1,54.34932988502038,12.134556268318741,-6.534556268318729,15.080217348382902,-3.3455206922736442,-3.3455206922736442,-2.5132672667402196,True,False
8.036529680365296,80,2,Follower 2,62.297310850787824,16.387157108856144,-4.587152909764766,14.522996633075536,-2.482236679549979,-2.482236679549979,-1.5674266232286063,True,False
8.036529680365296,80,3,Follower 3,67.00698370154501,18.972268282639476,-2.8333348417383313,14.062447136266059,-1.6052206978879673,-1.6052206978879673,-0.7135450640558627,True,False
8.036529680365296,80,4,Follower 4,69.45878216590216,20.3396901155464,-1.5279439026957213,13.779401934809364,-0.9017300051967935,-0.9017300051967935,-0.0750018546073924,True,False
8.136986301369863,81,1,Follower 1,53.6893294651112,11.800004199091378,-6.600004199091366,15.089321066928449,-3.361604884301974,-3.361604884301974,-2.5455360461992607,True,False
8.136986301369863,81,2,Follower 2,61.82980187776383,16.138933440901145,-4.675089730239964,14.551934995961538,-2.516438083329332,-2.516438083329332,-1.609948115321905,True,False
8.136986301369863,81,3,Follower 3,66.71453804351677,18.81174621285068,-2.9244565802824667,14.09104561781541,-1.6481209004750916,-1.6481209004750916,-0.7576760092504627,True,False
8.136986301369863,81,4,Follower 4,69.2985238666798,20.24951711502672,-1.6025829922235495,13.799489636626362,-0.940469283078357,-0.940469283078357,-0.1113170142804566,True,False
8.237442922374429,82,1,Follower 1,53.0229450940451,11.46384371066118,-6.663843710661169,15.095257672722738,-3.376998039320938,-3.376998039320938,-2.5771589716944474,True,False
8.237442922374429,82,2,Follower 2,61.3536873051799,15.887289632568212,-4.761145725839125,14.57910804004348,-2.5494252382315254,-2.5494252382315254,-1.6516174609173884,True,False
8.237442922374429,82,3,Follower 3,66.41307934211096,18.64693412280317,-3.01458701405811,14.119211096504621,-1.6901199538723153,-1.6901199538723153,-0.8013329522038238,True,False
8.237442922374429,82,4,Follower 4,69.13076906074949,20.155470186718883,-1.6775480593029464,13.81982868731172,-0.9790921994540737,-0.9790921994540737,-0.1477825952858871,True,False
8.337899543378995,83,1,Follower 1,52.35033070337221,11.126143906729087,-6.726143906729076,15.098042889914034,-3.3917478988914764,-3.3917478988914764,-2.6081698088688365,True,False
8.337899543378995,83,2,Follower 2,60.86914950598941,15.63234710874506,-4.845377991905121,14.604455288499295,-2.581253434619314,-2.581253434619314,-1.6924662315275956,True,False
8.337899543378995,83,3,Follower 3,66.10270930589769,18.477922127415937,-3.103700362132807,14.146865051065816,-1.7312196372826465,-1.7312196372826465,-0.8445069285131127,True,False
8.337899543378995,83,4,Follower 4,68.95549298044091,20.057560966773476,-1.7527608030858026,13.840371046893956,-1.017555937479688,-1.017555937479688,-0.18436184919820342,True,False
8.438356164383562,84,1,Follower 1,51.67163379168818,10.78696911683994,-6.786969116839929,15.097695558008297,-3.4058982760077043,-3.4058982760077043,-2.6385997805195496,True,False
8.438356164383562,84,2,Follower 2,60.37636525838502,15.37422176528313,-4.92784247604396,14.627921727818759,-2.6119759826519946,-2.6119759826519946,-1.7325251516310418,True,False
8.438356164383562,84,3,Follower 3,65.78353170623069,18.304800163687673,-3.191775996669744,14.173931378855343,-1.771424703283608,-1.771424703283608,-0.8871914293921047,True,False
8.438356164383562,84,4,Follower 4,68.77267821247429,19.95580537302551,-1.8281476796661948,13.861067466423272,-1.0558212747964493,-1.0558212747964493,-0.22102046651193374,True,False
8.538812785388128,85,1,Follower 1,51.04199586276428,10.44637928923917,-6.296379289239159,15.149237284285945,-3.0537393920555003,-3.0537393920555003,-2.390727780405282,True,False
8.538812785388128,85,2,Follower 2,59.87916337668662,15.11302416701793,-4.97201881698431,14.65311504265076,-2.617321787168532,-2.617321787168532,-1.7533536563596168,True,False
8.538812785388128,85,3,Follower 3,65.45589513572489,18.127657693359314,-3.2763657050582378,14.200579749006259,-1.8091250729388642,-1.8091250729388642,-0.9281538650788059,True,False
8.538812785388128,85,4,Follower 4,68.58233040652624,19.850223245545862,-1.9034780594804346,13.881883915434514,-1.093744894763045,-1.093744894763045,-0.2576448339684916,True,False
8.639269406392694,86,1,Follower 1,50.45789532776092,10.14100535003362,-5.841005350033608,15.175884627693684,-2.730846184620315,-2.730846184620315,-2.16170844363212,True,False
8.639269406392694,86,2,Follower 2,59.38082625101367,14.851291988301076,-4.983371256729487,14.678242274411517,-2.60130187483502,-2.60130187483502,-1.757773514644168,True,False
8.639269406392694,86,3,Follower 3,65.12033679720011,17.946745186065428,-3.3555833852478543,14.226846425069255,-1.8431081256056243,-1.8431081256056243,-0.9664493713704644,True,False
8.639269406392694,86,4,Follower 4,68.38448896826975,19.740848756069557,-1.97841438256469,13.902791456130636,-1.1311142869526696,-1.1311142869526696,-0.2940676184758132,True,False
8.73972602739726,87,1,Follower 1,49.91610325460374,9.867920731571589,-5.417920731571577,15.180261791460566,-2.4347032616703093,-2.4347032616703093,-1.94994727621276,True,False
8.73972602739726,87,2,Follower 2,58.88415511147235,14.591161800817574,-4.966711395413016,14.701831509837206,-2.5674248156041974,-2.5674248156041974,-1.7482641222146478,True,False
8.73972602739726,87,3,Follower 3,64.77753529177534,17.762434373504867,-3.4280150542477124,14.252666544765603,-1.8724923815590384,-1.8724923815590384,-1.0013741998855759,True,False
8.73972602739726,87,4,Follower 4,68.17923374906724,19.62773732737429,-2.0525521920253276,13.923759094318655,-1.1676753602217365,-1.1676753602217365,-0.33008814129673103,True,False
8.840182648401825,88,1,Follower 1,49.413658214063275,9.624450405404557,-5.024450405404545,15.164757403254157,-2.1630129334301733,-2.1630129334301733,-1.7539873325395647,True,False
8.840182648401825,88,2,Follower 2,58.391528090752786,14.334419319257155,-4.926270207195614,14.722689452238477,-2.518753665785664,-2.518753665785664,-1.7270006309858832,True,False
8.840182648401825,88,3,Follower 3,64.4282711735083,17.575185135348963,-3.4926411826703756,14.27790090281038,-1.8966705184653594,-1.8966705184653594,-1.0324255461946688,True,False
8.840182648401825,88,4,Follower 4,67.96668857828229,19.510969791352117,-2.125451707849688,13.944748995578053,-1.2031539951169987,-1.2031539951169987,-0.3654884041459414,True,False
8.940639269406391,89,1,Follower 1,48.947843302857166,9.40814911206154,-4.658149112061528,15.131545078734085,-1.9136763444344957,-1.9136763444344957,-1.5724973020940598,True,False
8.940639269406391,89,2,Follower 2,57.90495184324669,14.082543952678588,-4.865762475060498,14.739863937889517,-2.4579568145567903,-2.4579568145567903,-1.695888040635773,True,False
8.940639269406391,89,3,Follower 3,64.07339419228032,17.38551808350243,-3.54876981227952,14.30235802527546,-1.915260530453052,-1.915260530453052,-1.059267004875987,True,False
8.940639269406391,89,4,Follower 4,67.74702234214396,19.390654391840418,-2.196662361383293,13.96571355846313,-1.237272580517702,-1.237272580517702,-0.40004550276848994,True,False
9.041095890410958,90,1,Follower 1,48.51616515509539,9.21678147761809,-4.316781477618077,15.08260219985921,-1.6847762412942255,-1.6847762412942255,-1.4042606288160782,True,False
9.041095890410958,90,2,Follower 2,57.4261074014733,13.836748271222909,-4.788444417734242,14.752610859027484,-2.3873533630148533,-2.3873533630148533,-1.6565916659157467,True,False
9.041095890410958,90,3,Follower 3,63.71379628272672,17.193992030457125,-3.5959790955357,14.32581222181247,-1.9280639811106193,-1.9280639811106193,-1.0816989366772265,True,False
9.041095890410958,90,4,Follower 4,67.52044819199969,19.26692713378865,-2.2657415014425872,13.986593924422394,-1.269762422308471,-1.269762422308471,-0.4335410545001739,True,False
9.141552511415524,91,1,Follower 1,48.116334769746516,9.048303853488667,-3.998303853488654,15.019727062769178,-1.474561234363898,-1.474561234363898,-1.2481655736058679,True,False
9.141552511415524,91,2,Follower 2,56.95639088098642,13.598012934921424,-4.6971652048691475,14.76036501114357,-2.308953601612518,-2.308953601612518,-1.6105643518773953,True,False
9.141552511415524,91,3,Follower 3,63.35038947696813,17.00118563234606,-3.634068057585889,14.34801821227601,-1.9350304280153816,-1.9350304280153816,-1.099633118179144,True,False
9.141552511415524,91,4,Follower 4,67.28722136179837,19.139950891557802,-2.3322683020132793,14.007319578682768,-1.3003727763730526,-1.3003727763730526,-0.4657681720725012,True,False
9.24200913242009,92,1,Follower 1,47.746249996741255,8.900847730052277,-3.7008477300522635,14.944554536636701,-1.281431423792387,-1.281431423792387,-1.1031961381942965,True,False
9.24200913242009,92,2,Follower 2,56.49694958227775,13.367117574760172,-4.594412987087134,14.762714432757406,-2.224495094800039,-2.224495094800039,-1.5590707719056967,True,False
9.24200913242009,92,3,Follower 3,62.98408802454168,16.807682589544523,-3.663014524264355,14.36872284545263,-1.9362272081697758,-1.9362272081697758,-1.113071119859546,True,False
9.24200913242009,92,4,Follower 4,67.04763598727908,19.009913613920496,-2.3958537451929516,14.027808759438088,-1.3288771415037433,-1.3288771415037433,-0.4965364346245713,True,False
9.342465753424657,93,1,Follower 1,47.40397953797395,8.772704587673038,-3.4227045876730244,14.858570362627873,-1.1039252716687624,-1.1039252716687624,-0.9684237757051185,True,False
9.342465753424657,93,2,Follower 2,56.04871398180035,13.144668065280168,-4.482356004774006,14.75937785124001,-2.1354748303131155,-2.1354748303131155,-1.5032091098250024,True,False
9.342465753424657,93,3,Follower 3,62.61579409589382,16.614059868727544,-3.682939286478687,14.38767435843873,-1.9318138725999023,-1.9318138725999023,-1.122085925317407,True,False
9.342465753424657,93,4,Follower 4,66.8020212454488,18.87702589977012,-2.4561474183025673,14.047969445908556,-1.3550773474931441,-1.3550773474931441,-0.5256752368558558,True,False
9.442922374429223,94,1,Follower 1,47.087748331923365,8.662312060506162,-3.1623120605061477,14.763124210911045,-0.9407076122303022,-0.9407076122303022,-0.8429998197075216,True,False
9.442922374429223,94,2,Follower 2,55.61242605350378,12.931120582248857,-4.362879282965725,14.750184889006064,-2.0431778442454753,-2.0431778442454753,-1.4439303970325592,True,False
9.442922374429223,94,3,Follower 3,62.24638652752952,16.420878481467554,-3.694075683643245,14.404629564594416,-1.9220206457890137,-1.9220206457890137,-1.1268063635919017,True,False
9.442922374429223,94,4,Follower 4,66.55073707063556,18.741518165020807,-2.5128417481321534,14.06770074059395,-1.378805887573368,-1.378805887573368,-0.5530358370363793,True,False
9.54337899543379,95,1,Follower 1,46.795924201995035,8.568241299283132,-2.9182412992831175,14.659441603428775,-0.790558701465945,-0.790558701465945,-0.72614856947012,True,False
9.54337899543379,95,2,Follower 2,55.18866431663503,12.726802797824309,-4.237617368687772,14.735058720986409,-1.9487026913359138,-1.9487026913359138,-1.3820557482945657,True,False
9.54337899543379,95,3,Follower 3,61.87671213870976,16.228676416888653,-3.696743888197936,14.419359304932456,-1.9071303628554386,-1.9071303628554386,-1.1274039788523451,True,False
9.54337899543379,95,4,Follower 4,66.29416965106952,18.60363757626347,-2.5656741956603604,14.086894498542584,-1.3999268706176067,-1.3999268706176067,-0.5784923729030509,True,False
9.643835616438356,96,1,Follower 1,46.52700565908134,8.489185429136537,-2.689185429136522,14.548634800808266,-0.6671609745278477,-0.6671609745278477,-0.6171609745278477,True,False
9.643835616438356,96,2,Follower 2,54.777717996934314,12.531932528690717,-4.109463197006965,14.71385293955288,-1.8539680767733993,-1.8539680767733993,-1.3190389515258385,True,False
9.643835616438356,96,3,Follower 3,61.50756937275082,16.03796338060311,-3.6914276595897313,14.431642611544603,-1.8875288405468686,-1.8875288405468686,-1.1241316992176356,True,False
9.643835616438356,96,4,Follower 4,66.0327262118042,18.46364488920171,-2.614434392653287,14.105436433400783,-1.4183402569046468,-1.4183402569046468,-0.6019453746566042,True,False
9.744292237442922,97,1,Follower 1,46.279758725912984,8.422469331683752,-2.4724693316837367,14.43482006254548,-0.5644936627145943,-0.5644936627145943,-0.5144936627145943,True,False
9.744292237442922,97,2,Follower 2,54.37966642137417,12.346535721013378,-3.980515755601086,14.686594979347412,-1.760336173314598,-1.760336173314598,-1.2559281288331725,True,False
9.744292237442922,97,3,Follower 3,61.139698533464184,15.849210496548423,-3.678708392866504,14.441277540367338,-1.863659611549259,-1.863659611549259,-1.117290319414885,True,False
9.744292237442922,97,4,Follower 4,65.76682957899246,18.321810863511246,-2.6589663281177494,14.123207851969966,-1.4339827502443858,-1.4339827502443858,-0.6233227714603764,True,False
9.844748858447488,98,1,Follower 1,46.05315672937178,8.366019965412292,-2.2660199654122763,14.321116798547195,-0.4669541427787784,-0.4669541427787784,-0.4169541427787784,True,False
9.844748858447488,98,2,Follower 2,53.994548666119385,12.170502103681919,-3.8511775525475045,14.653544458755547,-1.668021398118689,-1.668021398118689,-1.1929115533359749,True,False
9.844748858447488,98,3,Follower 3,60.77378407631181,15.662844535393496,-3.6591445715234467,14.44809500552482,-1.8359430608160303,-1.8359430608160303,-1.1071675354854822,True,False
9.844748858447488,98,4,Follower 4,65.49691334307494,18.178412588486808,-2.699162359174915,14.140088166101322,-1.4468232526850073,-1.4468232526850073,-0.6425767712823913,True,False
9.945205479452055,99,1,Follower 1,45.84622427425836,8.319324551134414,-2.0693245511343985,14.207575171989532,-0.3742835169677226,-0.3742835169677226,-0.3242835169677226,True,False
9.945205479452055,99,2,Follower 2,53.62236828967616,12.00369996387005,-3.7218037644324067,14.614968361936064,-1.5772046898809082,-1.5772046898809082,-1.1301534641194002,True,False
9.945205479452055,99,3,Follower 3,60.41045700286884,15.479250229311893,-3.6332707344299333,14.45195654424505,-1.8047762629410906,-1.8047762629410906,-1.0940375400027142,True,False
9.945205479452055,99,4,Follower 4,65.22341757705487,18.033730263218306,-2.734957660200523,14.155957050618262,-1.4568586912789734,-1.4568586912789734,-0.6596809775693484,True,False
10.045662100456621,100,1,Follower 1,45.65803465431458,8.281896199437643,-1.8818961994376266,14.09424225543929,-0.28623598694684876,-0.28623598694684876,-0.23623598694684877,True,False
10.045662100456621,100,2,Follower 2,53.263097600262256,11.84597949488196,-3.592706894139001,14.571138610498338,-1.4880371517317468,-1.4880371517317468,-1.0677965165445835,True,False
10.045662100456621,100,3,Follower 3,60.050297320537936,15.298772603017783,-3.6015968233089986,14.452752114502374,-1.7705330632018277,-1.7705330632018277,-1.0781608059293806,True,False
10.045662100456621,100,4,Follower 4,64.9467850673156,17.888044394090407,-2.766325097392807,14.170696279134788,-1.4641102009918865,-1.4641102009918865,-0.674627734739664,True,False
10.146118721461187,101,1,Follower 1,45.48770739424032,8.253272600742958,-1.7032726007429417,13.9811621927544,-0.20257819073375077,-0.20257819073375077,-0.15257819073375078,True,False
10.146118721461187,101,2,Follower 2,52.91668150045837,11.697175779708784,-3.464160998039201,14.522329941040795,-1.4006433410475196,-1.4006433410475196,-1.0059640019675609,True,False
10.146118721461187,101,3,Follower 3,59.6938365354286,15.1217192966976,-3.5646078510935677,14.450397942033405,-1.7335643591581287,-1.7335643591581287,-1.0597840284451134,True,False
10.146118721461187,101,4,Follower 4,64.66745801599464,17.741633373991217,-2.79327051320943,14.184191268012206,-1.4686196464336403,-1.4686196464336403,-0.6874256932041047,True,False
10.246575342465754,102,1,Follower 1,45.334405916073365,8.233014781669583,-1.533014781669566,13.868376352734199,-0.12308857319807305,-0.12308857319807305,-0.07308857319807305,True,False
10.246575342465754,102,2,Follower 2,52.58304094833289,11.557111445604033,-3.3364055212542567,14.468818057124828,-1.3151242386668454,-1.3151242386668454,-0.944761857770887,True,False
10.246575342465754,102,3,Follower 3,59.34156015152416,14.948362860781787,-3.5227638390444387,14.444834429960594,-1.6941985454434314,-1.6941985454434314,-1.0391401980241897,True,False
10.246575342465754,102,4,Follower 4,64.3858751756836,17.594771409347853,-2.815828403110409,14.196332356987888,-1.470446464174672,-1.470446464174672,-0.69809758370581,True,False
10.34703196347032,103,1,Follower 1,45.19733532363841,8.220705924349776,-1.3707059243497586,13.75592347493886,-0.04755678842793616,-0.04755678842793616,0.0024432115720638414,True,False
10.34703196347032,103,2,Follower 2,52.26207607070984,11.425599021737348,-3.209648776230365,14.410878027235142,-1.2315599270947675,-1.2315599270947675,-0.8842804867534253,True,False
10.34703196347032,103,3,Follower 3,58.9939101538032,14.778943006237444,-3.4764999772095724,14.43602414132831,-1.6527420894547837,-1.6527420894547837,-1.0164487815383705,True,False
10.34703196347032,103,4,Follower 4,64.10246937911978,17.447726762930387,-2.8340579656384204,14.207015853259009,-1.469664806895901,-1.469664806895901,-0.7066781901562598,True,False
10.447488584474886,104,1,Follower 1,45.07574029908773,8.215950245506983,-1.2159502455069653,13.64383980807376,0.024216867650205406,0.024216867650205406,0.07421686765020541,True,False
10.447488584474886,104,2,Follower 2,51.95366896103428,11.302443029027872,-3.084071096755869,14.348782902978542,-1.150012004621624,-1.150012004621624,-0.8245964032290073,True,False
10.447488584474886,104,3,Follower 3,58.65128745693056,14.613668797291966,-3.4262269687262563,14.423949862346632,-1.6094802101169705,-1.6094802101169705,-0.9919159912457965,True,False
10.447488584474886,104,4,Follower 4,63.817665428523725,17.300760282240798,-2.8480395059605286,14.216144864042128,-1.4663609704360845,-1.4663609704360845,-0.7132125097781579,True,False
10.54794520547945,105,1,Follower 1,44.96890310586048,8.218371932272003,-1.068371932271985,13.53215924131647,0.09242199592983118,0.09242199592983118,0.14242199592983118,True,False
10.54794520547945,105,2,Follower 2,51.657686191364235,11.18744182856571,-2.9598276967007244,14.282802534232815,-1.070525759862977,-1.070525759862977,-0.7657737216387215,True,False
10.54794520547945,105,3,Follower 3,58.31405430456044,14.45272077628027,-3.3723315237008578,14.408612751999904,-1.5646776358265924,-1.5646776358265924,-0.9657351242504336,True,False
10.54794520547945,105,4,Follower 4,63.53187831127377,17.15412418519719,-2.8578711724995802,14.223629940879391,-1.4606310848826078,-1.4606310848826078,-0.7177540892058205,True,False
10.648401826484017,106,1,Follower 1,44.87614169267397,8.227614131864986,-0.9276141318649671,13.420913428943997,0.1572386055147164,0.1572386055147164,0.2072386055147164,True,False
10.648401826484017,106,2,Follower 2,51.37398106534795,11.080389252579412,-2.837051260162955,14.213202560189124,-0.9931321290210077,-0.9931321290210077,-0.7078655020720213,True,False
10.648401826484017,106,3,Follower 3,57.982536607258396,14.29625301269761,-3.3151769730202982,14.390030581863172,-1.5185794211360384,-1.5185794211360384,-0.9380869574169904,True,False
10.648401826484017,106,4,Follower 4,63.24551171066125,17.00806107670893,-2.863666006124925,14.229389557243387,-1.4525790511478627,-1.4525790511478627,-0.720363525200293,True,False
10.748858447488583,107,1,Follower 1,44.796807893432344,8.243337992416457,-0.7933379924164381,13.31013190859943,0.21883759922175255,0.21883759922175255,0.26883759922175254,True,False
10.748858447488583,107,2,Follower 2,51.10239563661412,10.981076039677312,-2.7158542873386793,14.140243557259495,-0.9178494561570151,-0.9178494561570151,-0.6509149658063649,True,False
10.748858447488583,107,3,Follower 3,57.65702620960616,14.144395070584006,-3.2551039765223955,14.36823606843815,-1.4714118047676354,-1.4714118047676354,-0.9091401848392902,True,False
10.748858447488583,107,4,Follower 4,62.95895678251256,16.862803171594145,-2.865549281486903,14.23335043932427,-1.4423147049374079,-1.4423147049374079,-0.7211071187772379,True,False
10.84931506849315,108,1,Follower 1,44.730285718198445,8.265221752338633,-0.6652217523386135,13.19984221352118,0.2773812345067523,0.2773812345067523,0.32738123450675227,True,False
10.84931506849315,108,2,Follower 2,50.8427625147869,10.88929109406161,-2.5963312182723026,14.064180326663674,-0.8446850749320659,-0.8446850749320659,-0.5949565928029675,True,False
10.84931506849315,108,3,Follower 3,57.33778307925229,13.997253890107242,-3.1924313035388376,14.343275299037806,-1.4233830942026169,-1.4233830942026169,-0.8790518868175284,True,False
10.84931506849315,108,4,Follower 4,62.67259117047121,16.718571701100405,-2.8636561204134257,14.235447768270397,-1.4299521906106973,-1.4299521906106973,-0.720055671793193,True,False
10.949771689497716,109,1,Follower 1,44.675989730619506,8.292959875789307,-0.542959875789288,13.09006997904089,0.33302356105740066,0.33302356105740066,0.38302356105740065,True,False
10.949771689497716,109,2,Follower 2,50.59490647931955,10.804822586568404,-2.4785603546733572,13.985261306182736,-0.7736367286029024,-0.7736367286029024,-0.5400171120275418,True,False
10.949771689497716,109,3,Follower 3,57.02503741255441,13.85491558068698,-3.1274566669788655,14.315206251180456,-1.3746845644107188,-1.3746845644107188,-0.8479680209304099,True,False
10.949771689497716,109,4,Follower 4,62.38677823469186,16.575576482039335,-2.858129357793427,14.235625270613191,-1.4156085281266992,-1.4156085281266992,-0.7172834153660538,True,False
11.050228310502282,110,1,Follower 1,44.63336350743003,8.326262231895047,-0.4262622318950271,12.98083904363994,0.38591083623448347,0.38591083623448347,0.43591083623448346,True,False
11.050228310502282,110,2,Follower 2,50.35864591950059,10.727458913708114,-2.362605598189619,13.903728092084364,-0.7046938435387068,-0.7046938435387068,-0.4861163944905913,True,False
11.050228310502282,110,3,Follower 3,56.718991653065245,13.717447124245908,-3.0604575948916644,14.28409740457343,-1.3254913603120104,-1.3254913603120104,-0.8160239272171607,True,False
11.050228310502282,110,4,Follower 4,62.10186647059069,16.434015629226664,-2.849117641011958,14.233835212137365,-1.3994023570291678,-1.3994023570291678,-0.7128670598991107,True,False
11.150684931506849,111,1,Follower 1,44.6018781758782,8.364853315518495,-0.31485331551847473,12.872171544841208,0.4361819194828231,0.4361819194828231,0.4861819194828231,True,False
11.150684931506849,111,2,Follower 2,50.13379411731188,10.656989529354243,-2.2485180218874667,13.819815058603396,-0.6378386701379126,-0.6378386701379126,-0.4332682580135635,True,False
11.150684931506849,111,3,Follower 3,56.41982242047777,13.584897988214706,-2.9916923258742543,14.250026444048359,-1.2759633943271145,-1.2759633943271145,-0.7833448407347091,True,False
11.150684931506849,111,4,Follower 4,61.81818909611653,16.294075393523748,-2.8367737447417536,14.23003830906903,-1.381452842236066,-1.381452842236066,-0.7068849569174253,True,False
11.251141552511415,112,1,Follower 1,44.581031025131495,8.408471507466777,-0.20847150746675602,12.764088010197941,0.48396864677651913,0.48396864677651913,0.5339686467765191,True,False
11.251141552511415,112,2,Follower 2,49.92016038829229,10.593205662340452,-2.136337290196023,13.733749063611384,-0.5730473037612412,-0.5730473037612412,-0.38148119191744223,True,False
11.251141552511415,112,3,Follower 3,56.127682348795986,13.457301648781995,-2.9214007168176668,14.213079051232,-1.226246231905334,-1.226246231905334,-0.7500464058472334,True,False
11.251141552511415,112,4,Follower 4,61.53606378774563,16.15593010930014,-2.8212530837086796,14.224203569145352,-1.3618787272363497,-1.3618787272363497,-0.6994163633970721,True,False
11.351598173515981,113,1,Follower 1,44.570344187917044,8.456868372144429,-0.10686837214440814,12.656607443628186,0.5293961861092052,0.5293961861092052,0.5793961861092053,True,False
11.351598173515981,113,2,Follower 2,49.71755109417143,10.535900931964328,-2.0260929412089776,13.645749230242771,-0.5102905971467451,-0.5102905971467451,-0.33075900909235023,True,False
11.351598173515981,113,3,Follower 3,55.84270183346183,13.33467702559146,-2.8498051533418067,14.17334778227891,-1.1764719592496975,-1.1764719592496975,-0.7162351875569578,True,False
11.351598173515981,113,4,Follower 4,61.255792547054625,16.019742236576505,-2.8027124069100147,14.216308073901615,-1.3407975211495051,-1.3407975211495051,-0.6905407997599265,True,False
11.452054794520548,114,1,Follower 1,44.56936338884151,8.50980799075535,-0.009807990755328788,12.549747407330813,0.5725833749888762,0.5725833749888762,0.6225833749888763,True,False
11.452054794520548,114,2,Follower 2,49.525770539771884,10.484871872249654,-1.9178055439954154,13.556026795272572,-0.4495349747248574,-0.4495349747248574,-0.281101432234079,True,False
11.452054794520548,114,3,Follower 3,55.56499068797291,13.21702982966649,-2.7771114548893223,14.130931028639928,-1.1267600286070567,-1.1267600286070567,-0.6820091760126648,True,False
11.452054794520548,114,4,Follower 4,60.97766168128905,15.885662484461555,-2.781308657655771,14.206336712365939,-1.3183248069559774,-1.3183248069559774,-0.6803374932095885,True,False
11.552511415525114,115,1,Follower 1,44.5776567560161,8.567066328254239,0.08293367174578314,12.44352409950762,0.6136430408482726,0.6136430408482726,0.6636430408482726,True,False
11.552511415525114,115,2,Follower 2,49.344621765528075,10.439918374777168,-1.8114877424381017,13.464785015973739,-0.3907431582969928,-0.3907431582969928,-0.2325046204203639,True,False
11.552511415525114,115,3,Follower 3,55.294639711187074,13.104353826805784,-2.703509767858316,14.085932057575505,-1.077218077482013,-1.077218077482013,-0.6474582810503827,True,False
11.552511415525114,115,4,Follower 4,60.701941882818176,15.753830003765957,-2.757197984708373,14.194281875286265,-1.2945736590499506,-1.2945736590499506,-0.6688848985898733,True,False
11.65296803652968,116,1,Follower 1,44.59481369278217,8.628430632339066,0.17156936766095576,12.337952428104032,0.6526823052356795,0.6526823052356795,0.7026823052356795,True,False
11.65296803652968,116,2,Follower 2,49.17390724591962,10.400844058947468,-1.7071451960848343,13.372219128024682,-0.3338748126724993,-0.3338748126724993,-0.184961641641183,True,False
11.65296803652968,116,3,Follower 3,55.03172216704934,12.996632019057584,-2.629175441377365,14.038458128934167,-1.02794271898448,-1.02794271898448,-0.612664814241974,True,False
11.65296803652968,116,4,Follower 4,60.428888393748,15.624372637860962,-2.7305348907018256,14.180143118026074,-1.2696541590918475,-1.2696541590918475,-0.6562602894496091,True,False
11.753424657534246,117,1,Follower 1,44.62044380649587,8.693698862862634,0.2563011371373882,12.233046080770606,0.6898028726072244,0.6898028726072244,0.7398028726072244,True,False
11.753424657534246,117,2,Follower 2,49.01342950316399,10.367456577680219,-1.6047774275568631,13.278516347803553,-0.27888711906744434,-0.27888711906744434,-0.13846289638825393,True,False
11.753424657534246,117,3,Follower 3,54.77629517891074,12.893837747159136,-2.554269881385661,13.988619684592472,-0.9790203012487445,-0.9790203012487445,-0.5777039564632069,True,False
11.753424657534246,117,4,Follower 4,60.15874124325623,15.497407221951777,-2.7014715049175155,14.16392679935268,-1.2436729999398675,-1.2436729999398675,-0.6425394124911237,True,False
11.853881278538813,118,1,Follower 1,44.65417589148353,8.762679150123356,0.3373208498766669,12.128817591236825,0.7251013045001746,0.7251013045001746,0.7751013045001747,True,False
11.853881278538813,118,2,Follower 2,48.86299164464401,10.339567865773475,-1.5043785852001008,13.183855913097062,-0.2257352833485169,-0.2257352833485169,-0.0929964969451973,True,False
11.853881278538813,118,3,Follower 3,54.52840104095122,12.795935717034261,-2.4789413795956374,13.9365296068827,-0.9305276344823296,-0.9305276344823296,-0.5426442094536836,True,False
11.853881278538813,118,4,Follower 4,59.89172554641908,15.37303992195779,-2.670156968371762,14.1456457025035,-1.216733168212955,-1.216733168212955,-0.6277961990607058,True,False
11.954337899543379,119,1,Follower 1,44.69565696342619,8.835189280573374,0.41481071942664904,12.02527840227944,0.7586692798272965,0.7586692798272965,0.8086692798272965,True,False
11.954337899543379,119,2,Follower 2,48.72239783175576,10.316994337438624,-1.4059381288825197,13.088409156878512,-0.17437298554975822,-0.17437298554975822,-0.048548606597334176,True,False
11.954337899543379,119,3,Follower 3,54.28806844948099,12.702882953586029,-2.40332591470238,13.882302542308935,-0.8825326847291591,-0.8825326847291591,-0.5075478302357433,True,False
11.954337899543379,119,4,Follower 4,59.628051854416725,15.251366605136495,-2.636736920023383,14.125318644143732,-1.1889336967788753,-1.1889336967788753,-0.6121025278045047,True,False
12.054794520547944,120,1,Follower 1,44.74455134257056,8.911056208556104,0.4889437914439192,11.922438925458351,0.7905938419948771,0.7905938419948771,0.8405938419948772,True,False
12.054794520547944,120,2,Follower 2,48.591453687142916,10.299557038883648,-1.3094414461280568,12.99233960937562,-0.12475277649316763,-0.12475277649316763,-0.005103742595247374,True,False
12.054794520547944,120,3,Follower 3,54.05531365709311,12.614629685113112,-2.3275479238787806,13.826054286866885,-0.8350952338746583,-0.8350952338746583,-0.472471247596046,True,False
12.054794520547944,120,4,Follower 4,59.36791654704342,15.132473235458606,-2.6013530737329607,14.102970076126212,-1.160369479166889,-1.160369479166889,-0.5955280330601697,True,False
12.15525114155251,121,1,Follower 1,44.800539783294994,8.990115592755592,0.5598844072444322,11.820308597783807,0.8209576335114065,0.8209576335114065,0.8709576335114065,True,False
12.15525114155251,121,2,Follower 2,48.469966646630155,10.287081761234331,-1.2148704051275985,12.895803124161489,-0.0768264268012907,-0.0768264268012907,0.03735495364427521,True,False
12.15525114155251,121,3,Follower 3,53.830141552775956,12.531120161725646,-2.251721043171443,13.767901229324664,-0.7882675057921625,-0.7882675057921625,-0.4374654601194883,True,False
12.15525114155251,121,4,Follower 4,59.11150225940386,15.016436287541918,-2.564142876395488,14.078629684320028,-1.1311311385747072,-1.1311311385747072,-0.5781399539817427,True,False
12.255707762557076,122,1,Follower 1,44.863318647684366,9.072211356106733,0.6277886438932914,11.718895935470897,0.8498391187201905,0.8498391187201905,0.8998391187201905,True,False
12.255707762557076,122,2,Follower 2,48.35774626157263,10.279399118554203,-1.1222038505754508,12.798948024464224,-0.030545233095975233,-0.030545233095975233,0.07884547593548585,True,False
12.255707762557076,122,3,Follower 3,53.61254667118578,12.45229341114643,-2.1759488159018243,13.707959848892926,-0.742094758838229,-0.742094758838229,-0.4025764155062658,True,False
12.255707762557076,122,4,Follower 4,58.85897833556169,14.903323173684447,-2.5252392384218396,14.05233198819279,-1.1013049447716103,-1.1013049447716103,-0.5600030198012802,True,False
12.356164383561643,123,1,Follower 1,44.93259912088649,9.157195267978752,0.6928047320212727,11.618208584928993,0.8773127952570859,0.8773127952570859,0.927312795257086,True,False
12.356164383561643,123,2,Follower 2,48.25460445679863,10.276344595244606,-1.0314180477401447,12.70191526630942,0.014139714271973358,0.014139714271973358,0.11938673944539868,True,False
12.356164383561643,123,3,Follower 3,53.40251413432668,12.378083935262607,-2.100325368590804,13.646346263801462,-0.696615845158498,-0.696615845158498,-0.3678453711053288,True,False
12.356164383561643,123,4,Follower 4,58.610501302715676,14.793192679207285,-2.4847703284605274,14.024115944301101,-1.0709727727947236,-1.0709727727947236,-0.5411793670152085,True,False
12.456621004566209,124,1,Follower 1,45.00810646613604,9.24492654750446,0.755073452495564,11.518253371127116,0.9034493948041378,0.9034493948041378,0.9534493948041378,True,False
12.456621004566209,124,2,Follower 2,48.16035574882994,10.277758566671803,-0.9424870796869289,12.604838615486337,0.057277298026061185,0.057277298026061185,0.15899839093085244,True,False
12.456621004566209,124,3,Follower 3,53.200020528899415,12.308422350746758,-2.0249360542723487,13.583175827405896,-0.6518637374721489,-0.6518637374721489,-0.33330923576587956,True,False
12.456621004566209,124,4,Follower 4,58.36621536022284,14.686095401927814,-2.4428594249282707,13.994024556367208,-1.04021209789288,-1.04021209789288,-0.5217284846457749,True,False
12.557077625570775,125,1,Follower 1,45.08957931743754,9.335271486984874,0.8147285130151509,11.419036343467795,0.9283160736809651,0.9283160736809651,0.9783160736809652,True,False
12.557077625570775,125,2,Follower 2,48.07481742861779,10.28348629647441,-0.8553832021214394,12.507844835668976,0.09891617173582912,0.09891617173582912,0.1977006407227292,True,False
12.557077625570775,125,3,Follower 3,53.00503472256429,12.243235976999543,-1.9498580633515505,13.518562768565204,-0.6078660241686931,-0.6078660241686931,-0.299000893247515,True,False
12.557077625570775,125,4,Follower 4,58.126252878467255,14.582074192138526,-2.3996248175558517,13.9621044941902,-1.0090960216931626,-1.0090960216931626,-0.5017071840684157,True,False
12.657534246575342,126,1,Follower 1,45.17676900800228,9.42810309435297,0.8718969056470556,11.320562819296342,0.9519765937883449,0.9519765937883449,1.001976593788345,True,False
12.657534246575342,126,2,Follower 2,47.99780971262618,10.293377913647992,-0.7700771599161875,12.41105388533019,0.1391045853304076,0.1391045853304076,0.23551411430841585,True,False
12.657534246575342,126,3,Follower 3,52.81751862232409,12.182449374582674,-1.8751610024016419,13.452619873158739,-0.564645373680957,-0.564645373680957,-0.26494950754288393,True,False
12.657534246575342,126,4,Follower 4,57.8907349031918,14.48116458996921,-2.35517975275463,13.928405723253377,-0.9776933250501926,-0.9776933250501926,-0.481169590214646,True,False
12.757990867579908,127,1,Follower 1,45.2694389326291,9.523300753731805,0.9266992462682211,11.222837425165494,0.9744914943923852,0.9744914943923852,1.0244914943923853,True,False
12.757990867579908,127,2,Follower 2,47.92915586572519,10.307288372181032,-0.6865384690099887,12.314579121363124,0.1778902354343983,0.1778902354343983,0.2724597215631619,True,False
12.757990867579908,127,3,Follower 3,52.63742787817506,12.12598483721458,-1.8009074414901072,13.385458203745898,-0.522219969197778,-0.522219969197778,-0.23118081055775863,True,False
12.757990867579908,127,4,Follower 4,57.65977166147485,14.38339525746419,-2.3096324171693894,13.892981146546468,-0.9460685434879469,-0.9460685434879469,-0.4601671512573713,True,False
12.858447488584474,128,1,Follower 1,45.36736394231201,9.620749903171044,0.9792500968289826,11.12586413596992,0.9959182552129873,0.9959182552129873,1.0459182552129873,True,False
12.858447488584474,128,2,Follower 2,47.868682299022,10.325077395724472,-0.6047356670321289,12.218527507573057,0.21532013788573895,0.21532013788573895,0.30855854186258846,True,False
12.858447488584474,128,3,Follower 3,52.46471253509691,12.073762840294801,-1.7271534307817547,13.317186854507305,-0.4806039148541552,-0.4806039148541552,-0.19771737266551204,True,False
12.858447488584474,128,4,Follower 4,57.433463066044226,14.288788403115396,-2.2630859543060104,13.855886259813431,-0.9142820615605465,-0.9142820615605465,-0.4387486641623336,True,False
12.95890410958904,129,1,Follower 1,45.47032976944274,9.720341728692343,1.0296582713076834,11.029646312058055,1.0163114512567446,1.0163114512567446,1.0663114512567446,True,False
12.95890410958904,129,2,Follower 2,47.816218645452466,10.346609409513047,-0.5246365356950289,12.122999826426373,0.2514405200487083,0.2514405200487083,0.3438317234738042,True,False
12.95890410958904,129,3,Follower 3,52.29931763636779,12.025702448809385,-1.6539489872914679,13.247912738749022,-0.4398076145878057,-0.4398076145878057,-0.16457885670828276,True,False
12.95890410958904,129,4,Follower 4,57.21189921508338,14.197360196959341,-2.215638509608736,13.817178821164696,-0.8823902228429245,-0.8823902228429245,-0.41696031374613307,True,False
13.059360730593607,130,1,Follower 1,45.57813248206094,9.821972873818018,1.0780271261820094,10.934186734424898,1.0357228998122496,1.0357228998122496,1.0857228998122497,True,False
13.059360730593607,130,2,Follower 2,47.77159781568059,10.371753461517917,-0.446208297718675,12.028090892644755,0.2862967307657311,0.2862967307657311,0.3783003957729003,True,False
13.059360730593607,130,3,Follower 3,52.14118378109214,11.981721687350605,-1.5813385527561152,13.177740406390924,-0.3998381248841313,-0.3998381248841313,-0.13178225605851135,True,False
13.059360730593607,130,4,Follower 4,56.99516088510205,14.109121174675048,-2.1673832998128564,13.77691853575196,-0.8504454526161918,-0.8504454526161918,-0.39484572311883015,True,False
13.159817351598173,131,1,Follower 1,45.69057796568103,9.925545163799242,1.1244548362007851,10.839487638082545,1.0542018000045197,1.0542018000045197,1.1042018000045197,True,False
13.159817351598173,131,2,Follower 2,47.73465603660111,10.40038313459449,-0.3694177907947953,11.933889767412126,0.31993316600061605,0.31993316600061605,0.4119855929732087,True,False
13.159817351598173,131,3,Follower 3,51.99024763872541,11.941737874862191,-1.5093614236676398,13.106771889001024,-0.3606994826484762,-0.3606994826484762,-0.09934211738376864,True,False
13.159817351598173,131,4,Follower 4,56.78332001482045,14.024076629413429,-2.118408702816085,13.735166755993589,-0.8184963906374242,-0.8184963906374242,-0.37244601360836294,True,False
13.26027397260274,132,1,Follower 1,45.807481431301085,10.030965343799695,1.169034656200333,10.745550743701699,1.0717948652852514,1.0717948652852514,1.1217948652852514,True,False
13.26027397260274,132,2,Follower 2,47.70523287451448,10.432376451194552,-0.2942316208663325,11.84047997212538,0.352393208416099,0.352393208416099,0.44490818817310274,True,False
13.26027397260274,132,3,Follower 3,51.84644242326925,11.905667926597344,-1.4380521545611824,13.03510657007456,-0.32239300944838545,-0.32239300944838545,-0.06727074877686312,True,False
13.26027397260274,132,4,Follower 4,56.57644017835071,13.942226990349686,-2.068798364697182,13.691986197651332,-0.7865880316816946,-0.7865880316816946,-0.3497998724660243,True,False
13.360730593607306,133,1,Follower 1,45.928666948268244,10.13814483032822,1.211855169671809,10.652377287611806,1.088546449216495,1.088546449216495,1.138546449216495,True,False
13.360730593607306,133,2,Follower 2,47.683171244835876,10.467615772036162,-0.22061629678629302,11.747939700763553,0.3837191793007298,0.3837191793007298,0.4770888366450311,True,False
13.360730593607306,133,3,Follower 3,51.70969832970064,11.873428625652505,-1.36744093568627,12.962841078395634,-0.2849175933606686,-0.2849175933606686,-0.03557841392335326,True,False
13.360730593607306,133,4,Follower 4,56.37457704626422,13.863568187181517,-2.0186313208650795,13.647440671901187,-0.7547618718157373,-0.7547618718157373,-0.32694362683748035,True,False
13.461187214611872,134,1,Follower 1,46.05396700074323,10.246999475249869,1.2530005247501599,10.55996805024349,1.1044986648872543,1.1044986648872543,1.1544986648872544,True,False
13.461187214611872,134,2,Follower 2,47.66831741001312,10.505987689966235,-0.14853834822764078,11.656342030080651,0.41395230141666267,0.41395230141666267,0.5085479273902122,True,False
13.461187214611872,134,3,Follower 3,51.57994293507977,11.844936866316438,-1.2975539462085361,12.890069202446895,-0.24826994964224658,-0.24826994964224658,-0.004273512981923244,True,False
13.461187214611872,134,4,Follower 4,56.177778833399486,13.788091999999944,-1.96798212864773,13.601594833399602,-0.7230560586110804,-0.7230560586110804,-0.30391132265388476,True,False
13.561643835616438,135,1,Follower 1,46.183222066569385,10.357449341738594,1.292550658261435,10.468323383092198,1.1196914982853274,1.1196914982853274,1.1696914982853275,True,False
13.561643835616438,135,2,Follower 2,47.66052096715907,10.547382920107902,-0.0779644285407759,11.565755126943273,0.44313267148189356,0.44313267148189356,0.5393055420767757,True,False
13.561643835616438,135,3,Follower 3,51.45710156667013,11.820109871352214,-1.2284136840961235,12.816881823965701,-0.21244486141904018,-0.21244486141904018,0.026637249150223363,True,False
13.561643835616438,135,4,Follower 4,55.986086732506635,13.715786394138835,-1.9169210089285258,13.554513944228965,-0.6915055437296095,-0.6915055437296095,-0.28073480725281463,True,False
13.662100456621005,136,1,Follower 1,46.31628021741267,10.469418491567126,1.3305815084329033,10.377443234278417,1.1341629159303726,1.1341629159303726,1.1841629159303726,True,False
13.662100456621005,136,2,Follower 2,47.65963482674948,10.59169618725609,-0.008861404095927838,11.476242452237301,0.47129924112903526,0.47129924112903526,0.5693814205639012,True,False
13.662100456621005,136,3,Follower 3,51.34109763928598,11.79886538521031,-1.1600392738413152,12.743366868865358,-0.1774354015578241,-0.1774354015578241,0.05714870652261039,True,False
13.662100456621005,136,4,Follower 4,55.799535333035465,13.646635839765874,-1.865513994711348,13.506263653503716,-0.6601422365192597,-0.6601422365192597,-0.25744381468048816,True,False
13.76255707762557,137,1,Follower 1,46.45299673909665,10.582834783160163,1.367165216839867,10.287327172776322,1.1479489670587497,1.1479489670587497,1.1979489670587498,True,False
13.76255707762557,137,2,Follower 2,47.66551518359921,10.638826111368994,0.05880356849704427,11.387862960861227,0.49848980529958786,0.49848980529958786,0.5987949322915835,True,False
13.76255707762557,137,3,Follower 3,51.231852963970425,11.781121845054527,-1.0924467531555742,12.669609273861369,-0.14323313685100658,-0.14323313685100658,0.08725708711528135,True,False
13.76255707762557,137,4,Follower 4,55.618153024561025,13.580621616113948,-1.8138230847445218,13.456909792333128,-0.6289951574425158,-0.6289951574425158,-0.23406605275560444,True,False
13.863013698630136,138,1,Follower 1,46.59323377111002,10.697629679866038,1.4023703201339917,10.197974411377942,1.161083880635893,1.161083880635893,1.211083880635893,True,False
13.863013698630136,138,2,Follower 2,47.67802148120228,10.688675091898952,0.12506297603067473,11.300671297404378,0.5247409971381735,0.5247409971381735,0.6275650528855563,True,False
13.863013698630136,138,3,Follower 3,51.12928802999477,11.766798531369426,-1.0256493397566562,12.59569096725592,-0.10982831560614603,-0.10982831560614603,0.11695987848446787,True,False
13.863013698630136,138,4,Follower 4,55.441962384504905,13.517722100369696,-1.7619064005608838,13.406518183765513,-0.5980905903274746,-0.5980905903274746,-0.21062729109216616,True,False
13.963470319634702,139,1,Follower 1,46.73685996431709,10.813738067929627,1.436261932070403,10.109383828457837,1.1736001574580934,1.1736001574580934,1.2236001574580935,True,False
13.963470319634702,139,2,Follower 2,47.69701637040856,10.74114919161277,0.18994889206266663,11.214717987183022,0.5500882885472282,0.5500882885472282,0.6557103453904845,True,False
13.963470319634702,139,3,Follower 3,51.033322262060665,11.755815699808812,-0.9596576793413192,12.521690862443037,-0.07721003969106233,-0.07721003969106233,0.1462557034514923,True,False
13.963470319634702,139,4,Follower 4,55.2709805499552,13.457913041336948,-1.7098183454972418,13.355154467281302,-0.5674522325812833,-0.5674522325812833,-0.18715144938455575,True,False
14.063926940639268,140,1,Follower 1,46.88375015594954,10.931098083675437,1.4689019163245938,10.021553988598669,1.1855286575922304,1.1855286575922304,1.2355286575922304,True,False
14.063926940639268,140,2,Follower 2,47.722365663305254,10.796158020467493,0.2534929289671677,11.130049622370265,0.5745659956491372,0.5745659956491372,0.6832489456020971,True,False
14.063926940639268,140,3,Follower 3,50.94387425447991,11.748094695839706,-0.8944800758072997,12.4476848628005,-0.04536642204264818,-0.04536642204264818,0.1751442052363752,True,False
14.063926940639268,140,4,Follower 4,55.10521957351085,13.40116781807882,-1.6576097644433787,13.302883937353215,-0.5371013426411265,-0.5371013426411265,-0.16366068535402856,True,False
14.164383561643834,141,1,Follower 1,47.033785061006085,11.04965094943466,1.5003490505653705,9.934483162136765,1.1866755359804058,1.1866755359804058,1.2468986833895235,True,False
14.164383561643834,141,2,Follower 2,47.753836051605276,10.853614620032406,0.31470388300029484,11.046606811540464,0.597527449178831,0.597527449178831,0.7096822820771707,True,False
14.164383561643834,141,3,Follower 3,50.8608551856114,11.743558053635441,-0.8301906886851516,12.37373907834052,-0.014329939916928436,-0.014329939916928436,0.20359160957445033,True,False
14.164383561643834,141,4,Follower 4,54.94468631109373,13.347457683814707,-1.6053326241709591,13.24977094346432,-0.5070598904775788,-0.5070598904775788,-0.14017776491226352,True,False
14.2648401826484,142,1,Follower 1,47.186953210702825,11.168318503032701,1.5316814969673302,9.850316204637423,1.185516515996925,1.185516515996925,1.2583565587155363,True,False
14.2648401826484,142,2,Follower 2,47.79118633057351,10.91336736495029,0.37350278968210304,10.96445160067293,0.6189420010230349,0.6189420010230349,0.7349739748746981,True,False
14.2648401826484,142,3,Follower 3,50.784168836152276,11.742125059643747,-0.7668634945911545,12.29991871686478,0.01586715657218607,0.01586715657218607,0.2315641885476618,True,False
14.2648401826484,142,4,Follower 4,54.78938231914714,13.296751694766948,-1.5530399194659825,13.195878929613244,-0.4773504853184237,-0.4773504853184237,-0.11672601325232901,True,False
14.365296803652967,143,1,Follower 1,47.34326619523961,11.286870154632393,1.563129845367639,9.769525885974822,1.184948020787759,1.184948020787759,1.2700412169825606,True,False
14.365296803652967,143,2,Follower 2,47.83419666973941,10.975261565052593,0.4301033916585748,10.88367353963423,0.6389736181442639,0.6389736181442639,0.759235372810999,True,False
14.365296803652967,143,3,Follower 3,50.7137135513089,11.743711775300966,-0.7045528484339467,12.226290000706967,0.045205765476407256,0.045205765476407256,0.259038075818375,True,False
14.365296803652967,143,4,Follower 4,54.639303889708515,13.249016646235106,-1.5007842943864986,13.141270597238304,-0.4479954502331116,-0.4479954502331116,-0.09332861733133413,True,False
14.465753424657533,144,1,Follower 1,47.50272969956848,11.405364956711168,1.5946350432888643,9.691999786146141,1.1849103743063454,1.1849103743063454,1.2819175109517391,True,False
14.465753424657533,144,2,Follower 2,47.88266637646689,11.03915892686702,0.4846970672747837,10.804348522732852,0.6577684526235098,0.6577684526235098,0.7825659597740344,True,False
14.465753424657533,144,3,Follower 3,50.64938389333696,11.748232351848607,-0.6432965797192374,12.152919189639746,0.07367767523981267,0.07367767523981267,0.2859976696223687,True,False
14.465753424657533,144,4,Follower 4,54.49444219152457,13.204217101211794,-1.4486169818392067,13.086007989100978,-0.41901612242122144,-0.41901612242122144,-0.07000809146455444,True,False
14.5662100456621,145,1,Follower 1,47.6653441001543,11.523855994141803,1.6261440058582295,9.617632111870691,1.185349221027818,1.185349221027818,1.2939536085226493,True,False
14.5662100456621,145,2,Follower 2,47.93641189087839,11.10493577212937,0.5374551441152153,10.72654034661965,0.675456712758135,0.675456712758135,0.8050545893885902,True,False
14.5662100456621,145,3,Follower 3,50.59107202574023,11.755600119372588,-0.5831186759674054,12.079871786995056,0.10128361971750083,0.10128361971750083,0.3124342513660502,True,False
14.5662100456621,145,4,Follower 4,54.35478349076203,13.162315488969671,-1.3965870076253335,13.030152512822688,-0.3904323397057887,-0.3904323397057887,-0.046785878171532236,True,False
14.666666666666666,146,1,Follower 1,47.831105008529846,11.642390916244585,1.6576090837554478,9.546323176040673,1.1862150621287986,1.1862150621287986,1.3061207006797575,True,False
14.666666666666666,146,2,Follower 2,47.99526498878362,11.172481443405182,0.5885309790522832,10.650302101973253,0.6921543434245829,0.6921543434245829,0.8267805946248042,True,False
14.666666666666666,146,3,Follower 3,50.5386688653806,11.765728481344338,-0.524031603596697,12.007211902691921,0.12803160696511068,0.12803160696511068,0.33834479333624756,True,False
14.666666666666666,146,4,Follower 4,54.22030942946617,13.123272254999092,-1.344740612958244,12.973764919467982,-0.36226207962759227,-0.36226207962759227,-0.023682060505722857,True,False
14.767123287671232,147,1,Follower 1,48.000003766284124,11.761012422457465,1.6889875775425676,9.477978921369193,1.1874628319237377,1.1874628319237377,1.3183927348397435,True,False
14.767123287671232,147,2,Follower 2,48.059071171573805,11.241696877747641,0.6380618279021988,10.57567741607852,0.7079645347171339,0.7079645347171339,0.8478147847550254,True,False
14.767123287671232,147,3,Follower 3,50.49206503429849,11.778531642040848,-0.46603831082149405,11.935001750216799,0.15393548734548407,0.15393548734548407,0.3637309321000929,True,False
14.767123287671232,147,4,Follower 4,54.090997343840115,13.087046047036333,-1.293120856260936,12.916905249767453,-0.33452122263221595,-0.33452122263221595,-0.0007151656420952834,True,False
14.867579908675799,148,1,Follower 1,48.17202789571917,11.87975870564984,1.7202412943501937,9.412510484419485,1.1890515110668112,1.1890515110668112,1.330746171396071,True,False
14.867579908675799,148,2,Follower 2,48.127688224127496,11.312493331219354,0.6861705255371664,10.502701561688788,0.7229790760110245,0.7229790760110245,0.8682203408530226,True,False
14.867579908675799,148,3,Follower 3,50.45115163910299,11.793925190775397,-0.4091339519549404,11.863301257552195,0.17901373055396314,0.17901373055396314,0.3885980869001395,True,False
14.867579908675799,148,4,Follower 4,53.96682060774589,13.05359392477311,-1.2417673609423172,12.859632758199666,-0.3072234152405396,-0.3072234152405396,0.0220979574388247,True,False
14.968036529680365,149,1,Follower 1,48.34716151004352,11.99866385675652,1.7513361432435133,9.349833796530476,1.1909437733311168,1.1909437733311168,1.3431597614482804,True,False
14.968036529680365,149,2,Follower 2,48.2009849236544,11.384791238820457,0.7329669952691749,10.431402446013493,0.7372795709154525,0.7372795709154525,0.8880536199352621,True,False
14.968036529680365,149,3,Follower 3,50.41582090231111,11.811826563830794,-0.35330736791879147,11.792167774649528,0.20328838476290423,0.20328838476290423,0.4129547047730807,True,False
14.968036529680365,149,4,Follower 4,53.84774898965168,13.022871583249056,-1.1907161809419726,12.802005823153564,-0.2803800128829269,-0.2803800128829269,0.04474220068669199,True,False
15.068493150684931,150,1,Follower 1,48.525385686634536,12.117758234089631,1.7822417659104026,9.289869218455273,1.19310566305333,1.19310566305333,1.3556143438779649,True,False
15.068493150684931,150,2,Follower 2,48.278839884102695,11.458519195912002,0.7785496044829632,10.361801492278687,0.7509385270623288,0.7509385270623288,0.907364876855416,True,False
15.068493150684931,150,3,Follower 3,50.38596666694224,11.832155402307084,-0.2985423536888483,11.72165586232807,0.2267841942784281,0.2267841942784281,0.4368116162719794,True,False
15.068493150684931,150,4,Follower 4,53.73374901362911,12.994833581960764,-1.1399997602258374,12.744081849707584,-0.254000085337715,-0.254000085337715,0.06720421237246055,True,False
15.168949771689498,151,1,Follower 1,48.70667880659505,12.237068800394965,1.8129311996050692,9.23254120580512,1.1955063005844406,1.1955063005844406,1.3680926600927905,True,False
15.168949771689498,151,2,Follower 2,48.36114052228618,11.533613048618236,0.8230063818351745,10.293914425049707,0.7640203333039518,0.7640203333039518,0.9261989121700726,True,False
15.168949771689498,151,3,Follower 3,50.36148479296361,11.854833821734927,-0.24481873978629487,11.651817149493752,0.24952785493285148,0.24952785493285148,0.4601814875815402,True,False
15.168949771689498,151,4,Follower 4,53.624784317009244,12.969433573426992,-1.0896469661987798,12.685917170155264,-0.22809047051294207,-0.22809047051294207,0.08947237540837338,True,False
15.269406392694062,152,1,Follower 1,48.89101686354974,12.35661943045341,1.8433805695466248,9.177778002642917,1.1981176133177383,1.1981176133177383,1.3805791849054583,True,False
15.269406392694062,152,2,Follower 2,48.44778213326981,11.610015081948632,0.8664161098365515,10.227751969372548,0.7765821356534933,0.7765821356534933,0.9445956533869032,True,False
15.269406392694062,152,3,Follower 3,50.34227346179216,11.879786607228212,-0.1921133117142304,11.582700247335737,0.2715473889439948,0.2715473889439948,0.4830783565096717,True,False
15.269406392694062,152,4,Follower 4,53.52081599898395,12.946624526375697,-1.0396831802530855,12.627566946232555,-0.2026558647077999,-0.2026558647077999,0.11153675718508504,True,False
15.369863013698629,153,1,Follower 1,49.07837374437122,12.476431191785183,1.873568808214852,9.125511360800857,1.2009140900758928,1.2009140900758928,1.3930599721474688,True,False
15.369863013698629,153,2,Follower 2,48.53866706379773,11.687673295513981,0.9088493052787907,10.163320472769769,0.7886746221831312,0.7886746221831312,0.9625906762778839,True,False
15.369863013698629,153,3,Follower 3,50.32823340295312,11.906941346122611,-0.14040058839031744,11.514350710707895,0.2928716231932823,0.2928716231932823,0.505517241340236,True,False
15.369863013698629,153,4,Follower 4,53.42180295583762,12.926358939904917,-0.990130431462978,12.56908507602779,-0.177698939539637,-0.177698939539637,0.13338903806990055,True,False
15.470319634703195,154,1,Follower 1,49.268721484291916,12.596522600792772,1.9034773992072633,9.075676282706368,1.203872556831219,1.203872556831219,1.40552251373895,True,False
15.470319634703195,154,2,Follower 2,48.633703973672084,11.766540757732294,0.9503690987436002,10.100622458207496,0.8003427260845432,0.8003427260845432,0.980215672282175,True,False
15.470319634703195,154,3,Follower 3,50.31926805514303,11.936228508441939,-0.08965347810119084,11.446811038259149,0.3135297568399526,0.3135297568399526,0.5275138128623621,True,False
15.470319634703195,154,4,Follower 4,53.32770219965511,12.908589045950952,-0.9410075618250175,12.510524107753199,-0.15322047746960277,-0.15322047746960277,0.15502242447515124,True,False
15.570776255707761,155,1,Follower 1,49.46203049864437,12.716909856475894,1.9330901435241419,9.028210785692579,1.2069719719088872,1.2069719719088872,1.4179556110467,True,False
15.570776255707761,155,2,Follower 2,48.732807176004656,11.846575030340748,0.991032023326035,10.039657115323159,0.8116262551848408,0.8116262551848408,0.9974988674291755,True,False
15.570776255707761,155,3,Follower 3,50.315283672316355,11.967581484125935,-0.03984382826670263,11.380120704064481,0.3335510059268707,0.3335510059268707,0.5490841210698728,True,False
15.570776255707761,155,4,Follower 4,53.2384691583066,12.893266998203993,-0.8923304134853716,12.451935161898618,-0.12921951934599873,-0.12921951934599873,0.1764315513522452,True,False
15.671232876712327,156,1,Follower 1,49.658269793277725,12.837607053666783,1.962392946333253,8.983055685944159,1.2101932389832293,1.2101932389832293,1.4303492574638343,True,False
15.671232876712327,156,2,Follower 2,48.83589604817524,11.927737655859232,1.0308887217058746,9.980420736456779,0.8225604553878929,0.8225604553878929,1.0144653976757763,True,False
15.671232876712327,156,3,Follower 3,50.316189383984295,12.000936584718621,0.009057116679400679,11.314316214547048,0.3529643141697715,0.3529643141697715,0.5702443690670528,True,False
15.671232876712327,156,4,Follower 4,53.15405795529324,12.880345046269394,-0.844112030133795,12.393367862754452,-0.10569351864400373,-0.10569351864400373,0.1976123780708252,True,False
15.771689497716894,157,1,Follower 1,49.85740715552123,12.958626377565107,1.9913736224349297,8.940154400391016,1.2135190363239734,1.2135190363239734,1.4426945312370156,True,False
15.771689497716894,157,2,Follower 2,48.9428945061552,12.009993701398022,1.069984579799483,9.922907103359151,0.8331765147686854,0.8331765147686854,1.031137645067699,True,False
15.771689497716894,157,3,Follower 3,50.321897217658204,12.036233016135599,0.0570783367392913,11.24943118538701,0.37179812047842004,0.37179812047842004,0.5910107276389962,True,False
15.771689497716894,157,4,Follower 4,53.07442166867105,12.869775694404993,-0.7963628662215516,12.334870279861065,-0.08263849814522334,-0.08263849814522334,0.21856208088227747,True,False
15.87214611872146,158,1,Follower 1,50.059409327401454,13.079978281197505,2.020021718802532,8.899452765006444,1.2169336608828,1.2169336608828,1.4549834976515883,True,False
15.87214611872146,158,2,Follower 2,49.05373053559629,12.09331135287489,1.108360294410895,9.867107829846503,0.8435020143784414,0.8435020143784414,1.0475355386977727,True,False
15.87214611872146,158,3,Follower 3,50.332322090271134,12.073412828183441,0.1042487261292937,11.185496433904248,0.39008017495592046,0.39008017495592046,0.6113991847598593,True,False
15.87214611872146,158,4,Follower 4,52.99951256877989,12.86151184459047,-0.7490909989114378,12.27648887959895,-0.06004920569687705,-0.06004920569687705,0.2392789445242287,True,False
15.972602739726026,159,1,Follower 1,50.26424216267287,13.201671647285785,2.048328352714252,8.860898868101302,1.2204228859330246,1.2204228859330246,1.4672091197621913,True,False
15.972602739726026,159,2,Follower 2,49.168335773752915,12.177661554312735,1.1460523815663528,9.813012665127445,0.853561331213791,0.853561331213791,1.0636768240395487,True,False
15.972602739726026,159,3,Follower 3,50.34738177444666,12.112420845679033,0.1505968417550818,11.122540083088595,0.40783739617816545,0.40783739617816545,0.6314254250319706,True,False
15.972602739726026,159,4,Follower 4,52.9292823349075,12.855506924020784,-0.7023023387239338,12.21826848686593,-0.037919266442226374,-0.037919266442226374,0.25976225498132965,True,False
16.073059360730593,160,1,Follower 1,50.471870769085,13.323713935879088,2.07628606412095,8.824442897326826,1.22397383108671,1.22397383108671,1.4793651769268163,True,False
16.073059360730593,160,2,Follower 2,49.28664513690825,12.263017687434115,1.1830936315536444,9.76060976204002,0.8633759982583131,0.8633759982583131,1.0795773038788232,True,False
16.073059360730593,160,3,Follower 3,50.36699684464298,12.15320458529685,0.1961507019630968,11.060587674049287,0.4250957634861414,0.4250957634861414,0.6511047346840128,True,False
16.073059360730593,160,4,Follower 4,52.86368225133441,12.851714997376561,-0.6560008357310974,12.160252256581288,-0.016241329541262284,-0.016241329541262284,0.2800121949635157,True,False
16.173515981735157,161,1,Follower 1,50.682259637186235,13.446111318987759,2.103888681012279,8.790036999210713,1.2275748436155074,1.2275748436155074,1.4914461904666751,True,False
16.173515981735157,161,2,Follower 2,49.40859648851716,12.349355287259947,1.2195135160893624,9.709885913997269,0.8729650260131794,0.8729650260131794,1.0952510537445446,True,False
16.173515981735157,161,3,Follower 3,50.39109060746455,12.195714161645464,0.2409376282158,10.999662284173624,0.4418802388429034,0.4418802388429034,0.6704519283165812,True,False
16.173515981735157,161,4,Follower 4,52.80266338344512,12.850090864422436,-0.6101886788926816,12.102481654600254,0.004992792078111985,0.004992792078111985,0.30002974328367193,True,False
16.273972602739725,162,1,Follower 1,50.895372756851316,13.568868803349309,2.1311311966507294,8.757635150152694,1.2312153900946805,1.2312153900946805,1.5034473558329995,True,False
16.273972602739725,162,2,Follower 2,49.53413034376689,12.436651789861264,1.2553385524975127,9.660826764044359,0.8823451894904427,0.8823451894904427,1.1107106144509742,True,False
16.273972602739725,162,3,Follower 3,50.419589019792625,12.239902185529754,0.28498412328055345,10.939784648733117,0.4582147135275954,0.4582147135275954,0.6894812940769326,True,False
16.273972602739725,162,4,Follower 4,52.74617673477036,12.850590143630248,-0.564866486747734,12.04499644750986,0.02579198996818366,0.02579198996818366,0.3198165790016261,True,False
16.37442922374429,163,1,Follower 1,51.11117372261543,13.691990342358777,2.158009657641262,8.727193037897877,1.2348859574745945,1.2348859574745945,1.5153644807155249,True,False
16.37442922374429,163,2,Follower 2,49.663189606696506,12.524886308810308,1.2905926292959293,9.613416989075887,0.891531284242965,0.891531284242965,1.125967164101759,True,False
16.37442922374429,163,3,Follower 3,50.452420597827825,12.285723656882514,0.3283157803520904,10.880973284062797,0.4741219755720901,0.4741219755720901,0.7082065543791851,True,False
16.37442922374429,163,4,Follower 4,52.694173385951615,12.853169342627066,-0.5200334881873427,11.987834700697483,0.0461657370858195,0.0461657370858195,0.3393749909412028,True,False
16.474885844748858,164,1,Follower 1,51.32962582880481,13.815478938106237,2.1845210618938022,8.69866795259233,1.2385779627618543,1.2385779627618543,1.5271939285765177,True,False
16.474885844748858,164,2,Follower 2,49.79571933641131,12.614039437234604,1.3252972971478183,9.567640461942105,0.900536354644802,0.900536354644802,1.1410306716710144,True,False
16.474885844748858,164,3,Follower 3,50.489516319653774,12.333135854439723,0.37095721825936145,10.823244610774324,0.4896236944017548,0.4896236944017548,0.726640839668397,True,False
16.474885844748858,164,4,Follower 4,52.64660461670604,12.857785916335647,-0.4756876924557485,11.931032784034748,0.06612397378380247,0.06612397378380247,0.35870779297386324,True,False
16.575342465753423,165,1,Follower 1,51.55069215536656,13.939336734382422,2.2106632656176153,8.672018686601717,1.242283670563026,1.242283670563026,1.5389325671388936,True,False
16.575342465753423,165,2,Follower 2,49.93166653928529,12.704093072699084,1.3594720287396402,9.52348039388712,0.909371897311403,0.909371897311403,1.1559100340641761,True,False
16.575342465753423,165,3,Follower 3,50.53080952350882,12.382098223879899,0.41293203855032523,10.76661307574902,0.5047404196290726,0.5047404196290726,0.7447966730626137,True,False
16.575342465753423,165,4,Follower 4,52.603422011918894,12.864398313714027,-0.4318260478712208,11.874625384490841,0.08567700302878112,0.08567700302878112,0.3778182452889317,True,False
16.67579908675799,166,1,Follower 1,51.77433564522266,14.063565101438725,2.2364348985613116,8.64720544234521,1.2459961178087309,1.2459961178087309,1.5505777213979164,True,False
16.67579908675799,166,2,Follower 2,50.070979984364214,12.795030262430224,1.3931344507893737,9.480919459503767,0.9180480422563906,0.9180480422563906,1.170613198369875,True,False
16.67579908675799,166,3,Follower 3,50.57623580359012,12.432572265842806,0.4542628008130567,10.711091271904507,0.5194915913759535,0.5194915913759535,0.7626859640017537,True,False
16.67579908675799,166,4,Follower 4,52.564577553015226,12.872966014016905,-0.3884445890365029,11.81864552498142,0.10483539482221788,0.10483539482221788,0.3967099817308196,True,False
16.776255707762555,167,1,Follower 1,52.00051917390067,14.188164713219598,2.261835286780437,8.624189747461472,1.2497090450350357,1.2497090450350357,1.5621271307632922,True,False
16.776255707762555,167,2,Follower 2,50.21361003947095,12.886835066655863,1.4263005510672393,9.439939906159225,0.9265737141183996,0.9265737141183996,1.185147270841581,True,False
16.776255707762555,167,3,Follower 3,50.62573290489888,12.484521424980402,0.4949710130873015,10.656690054938082,0.5338955598739272,0.5338955598739272,0.7803200092905549,True,False
16.776255707762555,167,4,Follower 4,52.53002369576211,12.883449553499126,-0.345538572531332,11.763124588763858,0.12360989965677793,0.12360989965677793,0.4153869431725269,True,False
16.876712328767123,168,1,Follower 1,52.229205612128396,14.313135617723102,2.2868643822769315,8.602934376682192,1.2534168336531013,1.2534168336531013,1.5735789099725754,True,False
16.876712328767123,168,2,Follower 2,50.35950852577298,12.979492438067703,1.4589848630207083,9.400523649637577,0.9349567755540188,0.9349567755540188,1.199518613992233,True,False
16.876712328767123,168,3,Follower 3,50.67924061836442,12.537910980967794,0.5350771346553103,10.603418656428829,0.5479696124176915,0.5479696124176915,0.7977095001490966,True,False
16.876712328767123,168,4,Follower 4,52.499713435636636,12.895810543464805,-0.303102601255242,11.708092348707027,0.14201137073028633,0.14201137073028633,0.4338533168077303,True,False
16.977168949771688,169,1,Follower 1,52.46035788201959,14.438477301088412,2.31152269891162,8.58340327984277,1.257114448687338,1.257114448687338,1.5849315134479487,True,False
16.977168949771688,169,2,Follower 2,50.5086285888064,13.072988115623104,1.491200630334042,9.362652357560194,0.9432041546794234,0.9432041546794234,1.2137329330450306,True,False
16.977168949771688,169,3,Follower 3,50.73670067725254,12.592707942209563,0.5746005888814842,10.551284792833414,0.5617300060322601,0.5617300060322601,0.8148645340824129,True,False
16.977168949771688,169,4,Follower 4,52.4736003618641,12.910011680537833,-0.26113073772504514,11.653577000788431,0.16005069455664875,0.16005069455664875,0.452113481176899,True,False
17.077625570776256,170,1,Follower 1,52.693939007423864,14.564188745957146,2.335811254042884,8.565561515509572,1.260797386507524,1.260797386507524,1.5961837027969206,True,False
17.077625570776256,170,2,Follower 2,50.66092458415807,13.167308531091047,1.5229599535168514,9.326307521975977,0.951321958250521,0.951321958250521,1.2277953528572245,True,False
17.077625570776256,170,3,Follower 3,50.79805665566289,12.648880942812788,0.6135597841033107,10.500294770037314,0.5751920044617905,0.5751920044617905,0.8317946305535211,True,False
17.077625570776256,170,4,Follower 4,52.45163870119069,12.926016749993497,-0.21961660673452954,11.599605201203694,0.17773872955359787,0.17773872955359787,0.47017195669292,True,False
17.17808219178082,171,1,Follower 1,52.929912158963134,14.690268484607898,2.3597315153921308,8.549375189747337,1.2644616271213933,1.2644616271213933,1.6073345171834323,True,False
17.17808219178082,171,2,Follower 2,50.81635197619846,13.262440726916099,1.5542739204039382,9.291470522366268,0.9593155720987918,0.9593155720987918,1.2417104863202826,True,False
17.17808219178082,171,3,Follower 3,50.86325386974954,12.706400143258968,0.6519721408670094,10.450453583231607,0.588369918303874,0.588369918303874,0.848508749595085,True,False
17.17808219178082,171,4,Follower 4,52.43378335240476,12.943790622948857,-0.1785534878595012,11.546202106507046,0.1950862521462171,0.1950862521462171,0.4880333613956017,True,False
17.27853881278539,172,1,Follower 1,53.168240694231145,14.816714647320037,2.383285352679991,8.53481139959107,1.2681035906316516,1.2681035906316516,1.6183832463195489,True,False
17.27853881278539,172,2,Follower 2,50.97486724842423,13.358372284125977,1.5851527222572255,9.258122680172278,0.9671897501835899,0.9671897501835899,1.2554824951372265,True,False
17.27853881278539,172,3,Follower 3,50.932239282155024,12.765237135089356,0.68985412405498,10.401765011976309,0.6012771473004821,0.6012771473004821,0.8650153126263055,True,False
17.27853881278539,172,4,Follower 4,52.41998991257037,12.963299248163478,-0.13793439834407373,11.493391416243412,0.21210390990060393,0.21210390990060393,0.5057023716401338,True,False
17.378995433789953,173,1,Follower 1,53.408888193592816,14.943525006383203,2.4064749936168237,8.521838180826407,1.2717200974961567,1.2717200974961567,1.6293294058497323,True,False
17.378995433789953,173,2,Follower 2,51.136427824123075,13.455091259144336,1.615605756988483,9.226245305834404,0.974948693481849,0.974948693481849,1.2691151437859616,True,False
17.378995433789953,173,3,Follower 3,51.004961410022304,12.825364849819405,0.7272212786731167,10.354231710383495,0.6139262239585945,0.6139262239585945,0.8813222248557331,True,False
17.378995433789953,173,4,Follower 4,52.41021469587656,12.984509639153538,-0.0977521669382746,11.441195417569489,0.22880218118902906,0.22880218118902906,0.5231836874093372,True,False
17.47945205479452,174,1,Follower 1,53.651818491979554,15.070697016132819,2.4293029838672062,8.510424459713917,1.2753083322608108,1.2753083322608108,1.640172714919299,True,False
17.47945205479452,174,2,Follower 2,51.300991996209746,13.552586128492521,1.6456417208663776,9.195819739224703,0.9825961198099118,0.9825961198099118,1.282611847394424,True,False
17.47945205479452,174,3,Follower 3,51.0813702368481,12.886757472215264,0.7640882682582486,10.307855292417571,0.6263288578143534,0.6263288578143534,0.8974368987500029,True,False
17.47945205479452,174,4,Follower 4,52.40441474594894,13.007389857272441,-0.057999499275743105,11.389635031404055,0.24519134088594302,0.24519134088594302,0.5404820019323312,True,False
17.579908675799086,175,1,Follower 1,53.89699570704363,15.198227849358899,2.4517721506411245,8.500540008325828,1.2788658104636887,1.2788658104636887,1.6509130757368538,True,False
17.579908675799086,175,2,Follower 2,51.46851886520295,13.650845740473512,1.6752686899317553,9.166827384255924,0.9901353255585171,0.9901353255585171,1.2959757141786739,True,False
17.579908675799086,175,3,Follower 3,51.16141712835139,12.949390357996698,0.8004689150326652,10.262636412357992,0.6384959797751792,0.6384959797751792,0.9133662781342322,True,False
17.579908675799086,175,4,Follower 4,52.402547842410286,13.031908991361036,-0.018669035386819743,11.338729859688215,0.26128143159972167,0.26128143159972167,0.5576019752910009,True,False
17.68036529680365,176,1,Follower 1,54.144384264003065,15.326114430405267,2.4738855695947546,8.492155403192527,1.2823903484350754,1.2823903484350754,1.6615505549570035,True,False
17.68036529680365,176,2,Follower 2,51.63896828442489,13.749859273029363,1.7044941922194123,9.13924973836616,0.9975692402203402,0.9975692402203402,1.3092095830280142,True,False
17.68036529680365,176,3,Follower 3,51.24505475245911,13.013239955974216,0.8363762410771809,10.218574840510684,0.6504377860787031,0.6504377860787031,0.9291168625641246,True,False
17.68036529680365,176,4,Follower 4,52.404572502416386,13.058037134521008,0.020246600061078368,11.28849823337437,0.27708223995678016,0.27708223995678016,0.5745482116992576,True,False
17.78082191780822,177,1,Follower 1,54.393948917478156,15.454353465248776,2.495646534751245,8.485241986980604,1.2858800357417421,1.2858800357417421,1.6720853667246527,True,False
17.78082191780822,177,2,Follower 2,51.81230081160203,13.849616197051397,1.7333252717715535,9.113068417499235,1.0049004744975398,1.0049004744975398,1.3223160567607386,True,False
17.78082191780822,177,3,Follower 3,51.332237003450985,13.078283734582087,0.8718225099190633,10.175669534286811,0.6621637814967564,0.6621637814967564,0.9446947316738722,True,False
17.78082191780822,177,4,Follower 4,52.41044797783786,13.085745358516686,0.05875475421507659,11.23895726080449,0.29260327747172155,0.29260327747172155,0.5913252401477628,True,False
17.881278538812783,178,1,Follower 1,54.6456547705958,15.58294146882295,2.517058531177069,8.479771832949893,1.2893332100458588,1.2893332100458588,1.682517857236029,True,False
17.881278538812783,178,2,Follower 2,51.98847766613471,13.95010624450115,1.7617685453263867,9.088265177132413,1.0121313626944277,1.0121313626944277,1.3352975315198141,True,False
17.881278538812783,178,3,Follower 3,51.422918930254866,13.144500112731762,0.9068192680388307,10.133918704791341,0.673682821489059,0.673682821489059,0.9601055692589825,True,False
17.881278538812783,178,4,Follower 4,52.420134248699526,13.115005686263858,0.09686270861680946,11.190122876171813,0.3078537655569078,0.3078537655569078,0.6079374981169954,True,False
17.98173515981735,179,1,Follower 1,54.899467291613064,15.711874789827537,2.538125210172481,8.47571771195799,1.2927484341687463,1.2927484341687463,1.6928484906841401,True,False
17.98173515981735,179,2,Follower 2,52.16746069138213,14.051319380770593,1.789830252473818,9.064821929840946,1.019264000026329,1.019264000026329,1.3481562227289563,True,False
17.98173515981735,179,3,Follower 3,51.517056668844134,13.211868394880668,0.941377385892558,10.093319879082799,0.6850031530765325,0.6850031530765325,0.9753546869004189,True,False
17.98173515981735,179,4,Follower 4,52.433592013436396,13.14579106281955,0.1345776473687721,11.1420098877973,0.3228426242478303,0.3228426242478303,0.6243893180742511,True,False
18.082191780821915,180,1,Follower 1,55.15535232828864,15.841149633244411,2.558850366755605,8.473053061799817,1.2961244751677858,1.2961244751677858,1.7030778364677934,True,False
18.082191780821915,180,2,Follower 2,52.349212321380946,14.153245780773226,1.8175162999879646,9.042720759834495,1.0263002754093589,1.0263002754093589,1.360894187985707,True,False
18.082191780821915,180,3,Follower 3,51.61460737865673,13.280368710188322,0.9755070981258402,10.053869958280089,0.6961324542596851,0.6961324542596851,0.9904470469769245,True,False
18.082191780821915,180,4,Follower 4,52.45078267647335,13.178075325244333,0.17190663036995701,11.094632025984687,0.33757846424484994,0.33757846424484994,0.6406849164842129,True,False
18.182648401826484,181,1,Follower 1,55.413276120212515,15.97076208076119,2.5792379192388246,8.471751958690135,1.299460285251667,1.299460285251667,1.713206557553919,True,False
18.182648401826484,181,2,Follower 2,52.53369555147816,14.255875808314162,1.8448323009721967,9.021943934849837,1.0332419002358415,1.0332419002358415,1.3735133472285903,True,False
18.182648401826484,181,3,Follower 3,51.71552918292912,13.34998195561429,1.0092180427234556,10.015565271700538,0.7070778718542557,0.7070778718542557,1.0053872849467549,True,False
18.182648401826484,181,4,Follower 4,52.47166833358648,13.211833171668818,0.20885657113089628,11.048001990248842,0.3520695818972478,0.3520695818972478,0.6568283850778903,True,False
18.283105022831048,182,1,Follower 1,55.6732053092839,16.10070810928636,2.599291890713655,8.471789090711184,1.3027549843740762,1.3027549843740762,1.7232353998923866,True,False
18.283105022831048,182,2,Follower 2,52.72087391241672,14.359199998337745,1.8717836093860196,9.002473915741234,1.040090433586766,1.040090433586766,1.3860155004800716,True,False
18.283105022831048,182,3,Follower 3,51.81978111281876,13.420689742799714,1.042519298896707,9.978401627219327,0.7178460576557804,0.7178460576557804,1.02017973080932,True,False
18.283105022831048,182,4,Follower 4,52.496211755457125,13.247040129858544,0.2454342187067482,11.002131495740038,0.36632395678100094,0.36632395678100094,0.672823684140376,True,False
18.383561643835616,183,1,Follower 1,55.93510694851153,16.230983607723765,2.6190163922762473,8.473139733064002,1.3060078443598782,1.3060078443598782,1.7331651827913237,True,False
18.383561643835616,183,2,Follower 2,52.910711447463086,14.463209041696421,1.898375350463331,8.98429336407024,1.04684730428447,1.04684730428447,1.3984023434351776,True,False
18.383561643835616,183,3,Follower 3,51.927323055174725,13.492474348565292,1.0754194235595769,9.942374358044141,0.728443202877949,0.728443202877949,1.0348284296819954,True,False
18.383561643835616,183,4,Follower 4,52.52437636978874,13.283672525536645,0.28164614331644167,10.957031318715451,0.3803492515477564,0.3803492515477564,0.6886746375939934,True,False
18.48401826484018,184,1,Follower 1,56.19894850929552,16.361584392159752,2.6384156078402583,8.475779724976015,1.3092182744305885,1.3092182744305885,1.7429967901689298,True,False
18.48401826484018,184,2,Follower 2,53.103172692210876,14.567893772124869,1.9246124474779442,8.967385147961139,1.0535138301454687,1.0535138301454687,1.410675481137029,True,False
18.48401826484018,184,3,Follower 3,52.038115703803385,13.565318668853086,1.1079264862863294,9.907478366097209,0.7388750708367143,0.7388750708367143,1.0493371614480251,True,False
18.48401826484018,184,4,Follower 4,52.55612624231327,13.32170745069142,0.31749872524533806,10.912711340930429,0.39415281374717753,0.39415281374717753,0.7043849296691905,True,False
18.58447488584475,185,1,Follower 1,56.464697887335205,16.492506219602813,2.6574937803971963,8.47968544812958,1.3123858080074033,1.3123858080074033,1.7527311626050772,True,False
18.58447488584475,185,2,Follower 2,53.298222656737266,14.673245155139416,1.9504996452641379,8.951732346458435,1.0600912347549991,1.0600912347549991,1.4228364399549907,True,False
18.58447488584475,185,3,Follower 3,52.15212051407116,13.639206175936758,1.1400481026781577,9.873708162197644,0.7491470278751919,0.7491470278751919,1.0637094594489611,True,False
18.58447488584475,185,4,Follower 4,52.59142605697912,13.361122732066137,0.35299814665813933,10.869180592846845,0.40774167934985617,0.40774167934985617,0.7199581029714119,True,False
18.684931506849313,186,1,Follower 1,56.73157340729489,16.623744800403554,2.668755199596454,8.484083806487781,1.3105225906805957,1.3105225906805957,1.7585817901226162,True,False
18.684931506849313,186,2,Follower 2,53.49577693482297,14.779254278614916,1.9755427808566974,8.937268377593142,1.0662489932997052,1.0662489932997052,1.434634809308006,True,False
18.684931506849313,186,3,Follower 3,52.269296343993176,13.714120878724277,1.1717582992206097,9.841054586544622,0.7592420165707692,0.7592420165707692,1.077931878937536,True,False
18.684931506849313,186,4,Follower 4,52.63024087501714,13.401896900001123,0.3881481803802309,10.82644707501489,0.4211211109992997,0.4211211109992997,0.73539644394086,True,False
18.78538812785388,187,1,Follower 1,56.99888120134773,16.754797059471613,2.673077940528394,8.489287082404502,1.3042839442437604,1.3042839442437604,1.761003324384422,True,False
18.78538812785388,187,2,Follower 2,53.695711562418126,14.885879177944886,1.9993462759511047,8.923953206528353,1.0717271220016045,1.0717271220016045,1.44587079830197,True,False
18.78538812785388,187,3,Follower 3,52.38959702496953,13.790045080381354,1.2030068097636928,9.809506864206824,0.7691270749488218,0.7691270749488218,1.0919787480921876,True,False
18.78538812785388,187,4,Follower 4,52.67253575269467,13.444009011101054,0.4229487767751827,10.784517730492567,0.43429368864517437,0.43429368864517437,0.7507002749122197,True,False
18.885844748858446,188,1,Follower 1,57.26600678095815,16.88522545389599,2.671255796104017,8.495555873166168,1.2942577394003363,1.2942577394003363,1.7604056917103168,True,False
18.885844748858446,188,2,Follower 2,53.897871496187236,14.993051890145047,2.0215993376909793,8.911767715897142,1.07632583512283,1.07632583512283,1.4563880546403467,True,False
18.885844748858446,188,3,Follower 3,52.51296969354763,13.866957787876236,1.2337266857810931,9.779054117795155,0.7787586293362666,0.7787586293362666,1.1058160487803044,True,False
18.885844748858446,188,4,Follower 4,52.71827527977911,13.487438379965571,0.45739527084429277,10.743398519847965,0.44725882552856744,0.44725882552856744,0.7658675614145446,True,False
18.986301369863014,189,1,Follower 1,57.53240737692454,17.014651227836026,2.6640059596639816,8.503104921252486,1.280970769881759,1.280970769881759,1.757158225894615,True,False
18.986301369863014,189,2,Follower 2,54.10207787930392,15.10068447365733,2.042063831166873,8.900708931989257,1.0798964945325569,1.0798964945325569,1.4660673621828992,True,False
18.986301369863014,189,3,Follower 3,52.63935374077772,13.944833650809864,1.2638404723007213,9.749686439157998,0.7880867490584282,0.7880867490584282,1.1194045581082606,True,False
18.986301369863014,189,4,Follower 4,52.76742308609886,13.532164262518428,0.49147806319727927,10.703094561062002,0.4600126055486503,0.4600126055486503,0.7808937596517398,True,False
19.08675799086758,190,1,Follower 1,57.79760497925463,17.142748304824202,2.6519760233008043,8.512108369606224,1.2648945477246407,1.2648945477246407,1.7515934301307134,True,False
19.08675799086758,190,2,Follower 2,54.30813424295252,15.208674123110585,2.0605636364860818,8.890785996731353,1.0823337039923613,1.0823337039923613,1.4748211180796085,True,False
19.08675799086758,190,3,Follower 3,52.768680257557094,14.023642325715707,1.2932651677941145,9.721395606125682,0.7970585255563484,0.7970585255563484,1.1327023642033414,True,False
19.08675799086758,190,4,Follower 4,52.81994135161864,13.578165523073293,0.5251826551980496,10.663610305472048,0.4725478574690434,0.4725478574690434,0.7957718428726273,True,False
19.187214611872147,191,1,Follower 1,58.0611800144668,17.269237759596667,2.6357503521220913,8.522704495273466,1.2464505712006295,1.2464505712006295,1.744010400824719,True,False
19.187214611872147,191,2,Follower 2,54.51583177527323,15.316907493509822,2.0769753232069075,8.88201678825358,1.0835684163092907,1.0835684163092907,1.4825885010161328,True,False
19.187214611872147,191,3,Follower 3,52.90087187324406,14.103348178271343,1.321916156869408,9.694175516701371,0.8056207160999699,0.8056207160999699,1.1456668542697725,True,False
19.187214611872147,191,4,Follower 4,52.87579034572474,13.625420308820198,0.5584899410611417,10.624949728084346,0.4848543977408782,0.4848543977408782,0.8104924569347881,True,False
19.28767123287671,192,1,Follower 1,58.32276560340841,17.39388281671673,2.6158558894160926,8.534999969974955,1.226015112362949,1.226015112362949,1.734677943206794,True,False
19.28767123287671,192,2,Follower 2,54.72495377455448,15.425264335140751,2.091219992812272,8.874425104272973,1.0835619358333675,1.0835619358333675,1.4893312516197847,True,False
19.28767123287671,192,3,Follower 3,53.03584290112832,14.18391024988134,1.349710278842748,9.66802240136564,0.813721772711532,0.813721772711532,1.158256259489656,True,False
19.28767123287671,192,4,Follower 4,52.93492801358053,13.673905748594287,0.5913766785582055,10.587116516391958,0.49691938737705643,0.49691938737705643,0.8250441650987007,True,False
19.388127853881276,193,1,Follower 1,58.58204234769573,17.516484327953023,2.592767442873157,8.549073691789687,1.2039235670395285,1.2039235670395285,1.7238374060260628,True,False
19.388127853881276,193,2,Follower 2,54.9352793901478,15.533620528724088,2.103256155932888,8.868038332699626,1.0823007116070138,1.0823007116070138,1.4950299946014254,True,False
19.388127853881276,193,3,Follower 3,53.17349971840156,14.265282427152492,1.3765681727322967,9.642934864096574,0.8213133598540415,0.8213133598540415,1.170430829570977,True,False
19.388127853881276,193,4,Follower 4,52.99730962116115,13.723597687331992,0.6238160758059035,10.550114246497166,0.5087277596985131,0.5087277596985131,0.8394137502278101,True,False
19.488584474885844,194,1,Follower 1,58.83873359745854,17.636876684656976,2.5669124976278965,8.564980228144591,1.180474406330548,1.180474406330548,1.7117052602211777,True,False
19.488584474885844,194,2,Follower 2,55.14658674268833,15.641850599884789,2.113073525405243,8.862885542918747,1.0797918279598617,1.0797918279598617,1.4996810398485587,True,False
19.488584474885844,194,3,Follower 3,53.3137413203558,14.347413763137896,1.4024160195428799,9.618913794080015,0.8283514495795311,0.8283514495795311,1.1821536994754407,True,False
19.488584474885844,194,4,Follower 4,53.06288746564053,13.774470463301844,0.655778444794004,10.513946539036837,0.5202626852239903,0.5202626852239903,0.8535865493488439,True,False
19.58904109589041,195,1,Follower 1,59.09260115724658,17.75492412529003,2.538675597880598,8.582752906666514,1.1559327652256135,1.1559327652256135,1.6984754442736247,True,False
19.58904109589041,195,2,Follower 2,55.35865550460153,15.749829782680775,2.1206876191318162,8.858995939239975,1.0760591096206196,1.0760591096206196,1.5032936065279068,True,False
19.58904109589041,195,3,Follower 3,53.45645999891053,14.430248908095848,1.42718678554699,9.595962182718836,0.8347970699061802,0.8347970699061802,1.1933915019094368,True,False
19.58904109589041,195,4,Follower 4,53.13161065396679,13.826496731824243,0.6872318832622231,10.478617190318303,0.5315060477813718,0.5315060477813718,0.8675468011470268,True,False
19.689497716894977,196,1,Follower 1,59.34344139076654,17.87051740181259,2.5084023351995057,8.60240658714136,1.1305337008149385,1.1305337008149385,1.6843214969568208,True,False
19.689497716894977,196,2,Follower 2,55.571269012426626,15.857435693642838,2.1261350782512487,8.85639762514095,1.071139767611241,1.071139767611241,1.5058874203826718,True,False
19.689497716894977,196,3,Follower 3,53.601542104442274,14.513728615086466,1.4508210553174958,9.574084874269346,0.8406167709652883,0.8406167709652883,1.2041147713722151,True,False
19.689497716894977,196,4,Follower 4,53.203424949524845,13.87964733660238,0.718142955580614,10.444130276320081,0.5424389123302331,0.5424389123302331,0.881277991606311,True,False
19.78995433789954,197,1,Follower 1,59.59108168859325,17.983570771894087,2.476402978267405,8.623940144805076,1.1044851497025188,1.1044851497025188,1.6693984963739563,True,False
19.78995433789954,197,2,Follower 2,55.78421597407265,15.964549670403962,2.1294696164603764,8.855116633264728,1.0650815204086574,1.0650815204086574,1.5074906398934247,True,False
19.78995433789954,197,3,Follower 3,53.748868857468494,14.597790292182994,1.4732675302618343,9.55328827310251,0.8457828637218433,0.8457828637218433,1.2142981787860427,True,False
19.78995433789954,197,4,Follower 4,53.2782726845968,13.933891227835403,0.7484773507197762,10.410490228925994,0.5530419702190984,0.5530419702190984,0.8947631868061878,True,False
19.89041095890411,198,1,Follower 1,59.8353772661722,18.094019286864338,2.4429557757890805,8.647338692443526,1.0779706116146062,1.0779706116146062,1.6538448225167166,True,False
19.89041095890411,198,2,Follower 2,55.997291826630715,16.07105782244483,2.130758525580969,8.855176181741058,1.0579401322054265,1.0579401322054265,1.5081380718775375,True,False
19.89041095890411,198,3,Follower 3,53.89831718317953,14.68236857855518,1.4944832571101916,9.533580026069174,0.8502734776403618,0.8502734776403618,1.2239206298585545,True,False
19.89041095890411,198,4,Follower 4,53.356092734743015,13.989195424857312,0.7782005014619031,10.377701885028387,0.5632959518401975,0.5632959518401975,0.9079853449823709,True,False
19.990867579908674,199,1,Follower 1,60.0762082623217,18.201816348025798,2.4083099614949504,8.672575566270105,1.0511515838102983,1.0511515838102983,1.6377837590609805,True,False
19.990867579908674,199,2,Follower 2,56.21029979370485,16.17685183566537,2.1300796707414555,8.856596122374107,1.049777316663159,1.049777316663159,1.507869641489433,True,False
19.990867579908674,199,3,Follower 3,54.049760547280755,14.767395926319216,1.514433641012472,9.51496869464232,0.8540724763805141,0.8540724763805141,1.2329652552383519,True,False
19.990867579908674,199,4,Follower 4,53.4368205501346,14.045525020041332,0.8072781539159344,10.345770510051935,0.5731820000500472,0.5731820000500472,0.9209276024605639,True,False
20.091324200913242,200,1,Follower 1,60.31347711108549,18.306931506406826,2.372688487637884,8.699614098271837,1.0241697687248883,1.0241697687248883,1.6213249487325339,True,False
20.091324200913242,200,2,Follower 2,56.42305168529964,16.281829567331688,2.127518915947629,8.859392550636265,1.0406589604115224,1.0406589604115224,1.506729085505628,True,False
20.091324200913242,200,3,Follower 3,54.20306977622232,14.852803173957266,1.533092289415574,9.497463428307789,0.8571692643194962,0.8571692643194962,1.2414193161231766,True,False
20.091324200913242,200,4,Follower 4,53.52038823816889,14.102843220046337,0.8356768803428789,10.314701798076214,0.5826820004308292,0.5826820004308292,0.9335735300752502,True,False
20.191780821917806,201,1,Follower 1,60.54710616219177,18.409348483279317,2.336290511063158,8.728409195633134,0.9971490752900752,0.9971490752900752,1.6045657153132358,True,False
20.191780821917806,201,2,Follower 2,56.63536847804312,16.38589546337284,2.1231679274354853,8.863577551297439,1.0306536257747188,1.0306536257747188,1.5047628412826146,True,False
20.191780821917806,201,3,Follower 3,54.35811384877843,14.938520100389216,1.5504407255610957,9.481073647999999,0.8595585112855212,0.8595585112855212,1.2492740451805477,True,False
20.191780821917806,201,4,Follower 4,53.60672469131168,14.16111142008942,0.8633645314283491,10.284501851132845,0.5917788665916478,0.5917788665916478,0.9459073582708168,True,False
20.292237442922374,202,1,Follower 1,60.7770355275735,18.509063390808326,2.299293653817024,8.758908745956852,0.9701974325639694,0.9701974325639694,1.5875922642063547,True,False
20.292237442922374,202,2,Follower 2,56.84708070885455,16.48896082595031,2.1171223081144106,8.869159056953926,1.0198312968711822,1.0198312968711822,1.5020191069049016,True,False
20.292237442922374,202,3,Follower 3,54.51476064919041,15.024475951517768,1.5664680041196597,9.46580874615487,0.8612398182371765,0.8612398182371765,1.2565244393675734,True,False
20.292237442922374,202,4,Follower 4,53.69575575397096,14.220289306748583,0.8903106265929033,10.25517714047379,0.600456780350312,0.600456780350312,0.9579141703201411,True,False
20.39269406392694,203,1,Follower 1,61.00322113340644,18.606083134064722,2.2618560583293608,8.791054865276998,0.9434084326507802,0.9434084326507802,1.5704807724285303,True,False
20.39269406392694,203,2,Follower 2,57.05802871102378,16.590943955637428,2.10948002169237,8.876140799748924,1.0082623373895723,1.0082623373895723,1.4985470508336314,True,False
20.39269406392694,203,3,Follower 3,54.67287767479394,15.110599933341486,1.5811702560348984,9.451677808110965,0.862217342638717,0.862217342638717,1.2631690184229973,True,False
20.39269406392694,203,4,Follower 4,53.78740442225313,14.280334984783615,0.9164866828217431,10.226734452685903,0.6087013878782469,0.6087013878782469,0.9695800640451667,True,False
20.493150684931507,204,1,Follower 1,61.22563295895088,18.700423977329798,2.22411825544458,8.824785004291286,0.9168628183829355,0.9168628183829355,1.5532983779368543,True,False
20.493150684931507,204,2,Follower 2,57.26806271800291,16.691770189376385,2.100340069791706,8.88452233925014,0.9960166320489008,0.9960166320489008,1.49439615185836,True,False
20.493150684931507,204,3,Follower 3,54.832332693291505,15.196821667605358,1.5945501849759172,9.438689358080794,0.8624993988760631,0.8624993988760631,1.2692095603919982,True,False
20.493150684931507,204,4,Follower 4,53.8815910706453,14.34120512357144,0.9418664839215243,10.199180823502417,0.6164999538064962,0.6164999538064962,0.980892283135883,True,False
20.59360730593607,205,1,Follower 1,61.44425344514764,18.79211025916809,2.1862048619675676,8.860032926811456,0.8906298298630312,0.8906298298630312,1.5361040773243566,True,False
20.59360730593607,205,2,Follower 2,57.47704285696017,16.791371852581275,2.0898013895731182,8.894299151797618,0.9831628870485738,0.9831628870485738,1.4896156523764401,True,False
20.59360730593607,205,3,Follower 3,54.9929943466708,15.283071607492964,1.6066165337931686,9.42685113168487,0.8620980461563184,0.8620980461563184,1.2746508234808278,True,False
20.59360730593607,205,4,Follower 4,53.97823369996098,14.40285511895209,0.9664262931565055,10.172523462056802,0.6238414759388422,0.6238414759388422,0.9918393196810928,True,False
20.69406392694064,206,1,Follower 1,61.65907605744019,18.881173242154393,2.1482261229244806,8.896729573131402,0.8647684227090436,0.8647684227090436,1.5189495401188104,True,False
20.69406392694064,206,2,Follower 2,57.68483905127414,16.889688141286133,2.077961943139165,8.905462768701874,0.9697680677492788,0.9697680677492788,1.4842541100046762,True,False
20.69406392694064,206,3,Follower 3,55.15473270026604,15.369281412108595,1.6173835359524666,9.416169876048848,0.8610286738682862,0.8610286738682862,1.2795002617786757,True,False
20.69406392694064,206,4,Follower 4,54.07724820125594,14.465239266545973,0.9901450129494513,10.146769668163998,0.6307167636507947,0.6307167636507947,1.0024109898829257,True,False
20.794520547945204,207,1,Follower 1,61.87010398868006,18.967650084425298,2.1102793123996335,8.934803819829462,0.8393283697022836,0.8393283697022836,1.5018798471912898,True,False
20.794520547945204,207,2,Follower 2,57.89133084860754,16.986664948061062,2.064917973334463,8.918000952485414,0.9558969544356335,0.9558969544356335,1.4783590342915023,True,False
20.794520547945204,207,3,Follower 3,55.31741973666692,15.455384279495425,1.6268703640092017,9.406651177676068,0.859309592295235,0.859309592295235,1.2837677408884043,True,False
20.794520547945204,207,4,Follower 4,54.17854863083733,14.528310942911054,1.0130042958138947,10.121926745015216,0.6371184833129854,0.6371184833129854,1.0125984851577083,True,False
20.894977168949772,208,1,Follower 1,62.077348989238885,19.051582921395525,2.072450005588159,8.974183146447835,0.8143512564948138,0.8143512564948138,1.4849341601164714,True,False
20.894977168949772,208,2,Follower 2,58.096407188961564,17.082254643504626,2.0507634035403797,8.931897901952311,0.9416117993312466,0.9416117993312466,1.4719765968678054,True,False
20.894977168949772,208,3,Follower 3,55.480929795138195,15.541315238724948,1.6351005847128022,9.398299317688299,0.8569616348121952,0.8569616348121952,1.287465258240816,True,False
20.894977168949772,208,4,Follower 4,54.282047491933724,14.592022791242352,1.0349886109638167,10.098001909449025,0.6430411742006578,0.6430411742006578,1.0223944009543597,True,False
20.995433789954337,209,1,Follower 1,62.280830312597914,19.133018047045006,2.0348132335894924,9.014794218507902,0.7898713810809804,0.7898713810809804,1.4681463277201412,True,False
20.995433789954337,209,2,Follower 2,58.299966125133096,17.17641582343775,2.0355893617153527,8.947134478257595,0.9269720700957873,0.9269720700957873,1.465151404770556,True,False
20.995433789954337,209,3,Follower 3,55.64513995796233,15.627011402206168,1.6421016282411607,9.391117153549992,0.854007776223791,0.854007776223791,1.29060667179808,True,False
20.995433789954337,209,4,Follower 4,54.387656019050326,14.656326908662418,1.056085271166129,10.07500220172549,0.6484812383671257,0.6484812383671257,1.031792745669339,True,False
21.0958904109589,210,1,Follower 1,62.48057376574286,19.212005185153103,1.9974345314496702,9.056563395436655,0.7659165658713023,0.7659165658713023,1.451545435496668,True,False
21.0958904109589,210,2,Follower 2,58.501914506262324,17.26911303044733,2.019483811292904,8.963688445367666,0.9120342668619879,0.9120342668619879,1.4579263279148353,True,False
21.0958904109589,210,3,Follower 3,55.80993038569284,15.712412179828547,1.6479042773049812,9.385106026035743,0.8504727706664582,0.8504727706664582,1.2932074399542777,True,False
21.0958904109589,210,4,Follower 4,54.495284461489916,14.721175032499131,1.0762844243960625,10.05293439649165,0.6534369078937544,0.6534369078937544,1.0407889320226138,True,False
21.19634703196347,211,1,Follower 1,62.67661085464613,19.288596841740233,1.9603708890324008,9.099417171165662,0.7425088904153936,0.7425088904153936,1.4351563030744834,True,False
21.19634703196347,211,2,Follower 2,58.7021676336272,17.36031645713353,2.002531273648245,8.981534719360141,0.8968518014903651,0.8968518014903651,1.4503423727921294,True,False
21.19634703196347,211,3,Follower 3,55.97518460373158,15.797459456895194,1.6525421803873712,9.38026568994119,0.84638281147583,0.84638281147583,1.2952843746907452,True,False
21.19634703196347,211,4,Follower 4,54.60484236296537,14.786518723288507,1.0955790147542697,10.031804916388353,0.6579081928018911,0.6579081928018911,1.0493797531965525,True,False
21.296803652968034,212,1,Follower 1,62.868978015991274,19.362847730781773,1.9236716134522283,9.143282554427728,0.7196653520994752,0.7196653520994752,1.4189999344475006,True,False
21.296803652968034,212,2,Follower 2,58.900648896498126,17.450001637282565,1.9848126287091574,9.000645621932996,0.8814749291547093,0.8814749291547093,1.4424385954512284,True,False
21.296803652968034,212,3,Follower 3,56.140789742947106,15.882097738042777,1.656051392155259,9.376594266861552,0.8417652145769434,0.8417652145769434,1.2968554094207072,True,False
21.296803652968034,212,4,Follower 4,54.716238834658554,14.852309542568696,1.1139647169317755,10.01161974952116,0.6618968127411762,0.6618968127411762,1.0575633459419458,True,False
21.397260273972602,213,1,Follower 1,63.057715927094364,19.434814265991722,1.8873791110305795,9.18808739511092,0.6973984614871348,0.6973984614871348,1.4030939252708357,True,False
21.397260273972602,213,2,Follower 2,59.09728939469238,17.538149130198036,1.9664049819424,9.02099113429631,0.8659507236421538,0.8659507236421538,1.4342520476860154,True,False
21.397260273972602,213,3,Follower 3,56.306636737253314,15.966274259500471,1.65846994306178,9.374088218252368,0.8366481262654772,0.8366481262654772,1.2979393824435084,True,False
21.397260273972602,213,4,Follower 4,54.829382819486966,14.918499223842813,1.131439848284204,9.992384371801336,0.665406115366723,0.665406115366723,1.0653391427321688,True,False
21.497716894977167,214,1,Follower 1,63.24286888669735,19.504554112140436,1.8515295960307512,9.23376066241648,0.6757167783719273,0.6757167783719273,1.3874528311361995,True,False
21.497716894977167,214,2,Follower 2,59.29202755343391,17.62474420256225,1.9473815874153786,9.042539148309409,0.8503230888742384,0.8503230888742384,1.4258177511231598,True,False
21.497716894977167,214,3,Follower 3,56.47262048118557,16.049939072127017,1.6598374393226578,9.372742336931537,0.8310602556899319,0.8310602556899319,1.2985558365079057,True,False
21.497716894977167,214,4,Follower 4,54.94418334571861,14.985039835379485,1.148005262316527,9.974103674959643,0.668440984096228,0.668440984096228,1.0727078149062457,True,False
21.598173515981735,215,1,Follower 1,63.424484259975884,19.57212578997763,1.816153732784997,9.280232680020625,0.6546253940650182,0.6546253940650182,1.3720885003935297,True,False
21.598173515981735,215,2,Follower 2,59.484808735227375,17.709776511449675,1.9278118179344546,9.065255712328025,0.8346328001478736,0.8346328001478736,1.4171686945836286,True,False
21.598173515981735,215,3,Follower 3,56.638639950562435,16.133045097696012,1.6601946937684495,9.372549755170411,0.8250306318978531,0.8250306318978531,1.2987248346427454,True,False
21.598173515981735,215,4,Follower 4,55.0605497684283,15.051883933789108,1.1636642270966906,9.956781900850089,0.6710077377061787,0.6710077377061787,1.0796712085908498,True,False
21.6986301369863,216,1,Follower 1,63.602611981699965,19.63758832938413,1.7812772172403655,9.327435322931706,0.6341263649421838,0.6341263649421838,1.3570103747667681,True,False
21.6986301369863,216,2,Follower 2,59.675584852668806,17.79323979146446,1.907761174413885,9.089105269739882,0.8189175694701731,0.8189175694701731,1.4083358506939365,True,False
21.6986301369863,216,3,Follower 3,56.80459828931498,16.2155481608858,1.6595833875256787,9.373501967543383,0.8185883849567634,0.8185883849567634,1.2984667921400086,True,False
21.6986301369863,216,4,Follower 4,55.178391997610504,15.118984707559726,1.1784222918217502,9.940422582491053,0.6731140239908167,0.6731140239908167,1.0862322750354276,True,False
21.799086757990867,217,1,Follower 1,63.777304112041406,19.701000965878347,1.7469213034149256,9.375302180284713,0.6142191018215323,0.6142191018215323,1.3422257607216985,True,False
21.799086757990867,217,2,Follower 2,59.86431398543374,17.875131548411478,1.8872913276490237,9.114050888610784,0.8032121301326225,0.8032121301326225,1.399348208255051,True,False
21.799086757990867,217,3,Follower 3,56.970402865519304,16.297406999381476,1.6580457620432654,9.375588866756353,0.8117625503879644,0.8117625503879644,1.2978023243594503,True,False
21.799086757990867,217,4,Follower 4,55.29762071205664,15.186296109958807,1.1922871444614636,9.925028492139027,0.6747687094738952,0.6747687094738952,1.0923949968376832,True,False
21.899543378995432,218,1,Follower 1,63.94861444001822,19.7624228760605,1.7131032797681058,9.423768687897216,0.594900719329315,0.594900719329315,1.3277400742789136,True,False
21.899543378995432,218,2,Follower 2,60.0509600040906,17.95545276142474,1.8664601865686912,9.140054481241116,0.7875483363489614,0.7875483363489614,1.3902328173464014,True,False
21.899543378995432,218,3,Follower 3,57.13596529958323,16.37858325442027,1.655624340639367,9.378798790742692,0.8045818959454717,0.8045818959454717,1.296752109856818,True,False
21.899543378995432,218,4,Follower 4,55.41814755836748,15.253772980906197,1.205268463108622,9.910601596555082,0.6759817669359023,0.6759817669359023,1.0981643113820652,True,False
22.0,219,1,Follower 1,64.11659813002257,19.821912947993432,1.679836900043746,9.472772234035702,0.5761663490342824,0.5761663490342824,1.313557061723658,True,False
22.0,219,2,Follower 2,60.235492202874354,18.034207595059637,1.8453219878372238,9.16707701275508,0.7719552743779845,0.7719552743779845,1.381014844556366,True,False
22.0,219,3,Follower 3,57.3012014674315,16.45904144401482,1.6523616784826167,9.38311857940186,0.7970747696228686,0.7970747696228686,1.2953367682114014,True,False
22.0,219,4,Follower 4,55.53988533470522,15.321371157599787,1.2173777633773195,9.897143019505648,0.67676416230112,0.67676416230112,1.1035460326639421,True,False
0.0,0,0,Lead Car,,21.50174984803718,0.0,,0.2622369220856964,0.2622369220856964,,True,False
0.1004566210045662,1,0,Lead Car,,21.50174984803718,0.0,,0.2622369220856964,0.2622369220856964,,True,False
0.2009132420091324,2,0,Lead Car,,21.50174984803718,0.0,,0.2622369220856964,0.2622369220856964,,True,False
0.3013698630136986,3,0,Lead Car,,21.50174984803718,0.0,,0.2622369220856964,0.2622369220856964,,True,False
0.4018264840182648,4,0,Lead Car,,21.50174984803718,0.0,,0.2622369220856964,0.2622369220856964,,True,False
0.502283105022831,5,0,Lead Car,,21.50174984803718,0.0,,0.2622369220856964,0.2622369220856964,,True,False
0.6027397260273972,6,0,Lead Car,,21.50174984803718,0.0,,0.2622369220856964,0.2622369220856964,,True,False
0.7031963470319634,7,0,Lead Car,,21.50174984803718,0.0,,0.2622369220856964,0.2622369220856964,,True,False
0.8036529680365296,8,0,Lead Car,,21.50174984803718,0.0,,0.2622369220856964,0.2622369220856964,,True,False
0.9041095890410958,9,0,Lead Car,,21.50174984803718,0.0,,0.2622369220856964,0.2622369220856964,,True,False
1.004566210045662,10,0,Lead Car,,21.50174984803718,0.0,,0.2622369220856964,0.2622369220856964,,True,False
1.1050228310502281,11,0,Lead Car,,21.50174984803718,0.0,,0.2622369220856964,0.2622369220856964,,True,False
1.2054794520547945,12,0,Lead Car,,21.50174984803718,0.0,,0.2622369220856964,0.2622369220856964,,True,False
1.3059360730593608,13,0,Lead Car,,21.50174984803718,0.0,,0.2622369220856964,0.2622369220856964,,True,False
1.4063926940639269,14,0,Lead Car,,21.50174984803718,0.0,,0.2622369220856964,0.2622369220856964,,True,False
1.506849315068493,15,0,Lead Car,,21.50174984803718,0.0,,0.2622369220856964,0.2622369220856964,,True,False
1.6073059360730593,16,0,Lead Car,,21.50174984803718,0.0,,0.2622369220856964,0.2622369220856964,,True,False
1.7077625570776256,17,0,Lead Car,,21.50174984803718,0.0,,0.2622369220856964,0.2622369220856964,,True,False
1.8082191780821917,18,0,Lead Car,,21.50174984803718,0.0,,0.2622369220856964,0.2622369220856964,,True,False
1.9086757990867578,19,0,Lead Car,,21.50174984803718,0.0,,0.2622369220856964,0.2622369220856964,,True,False
2.009132420091324,20,0,Lead Car,,21.50174984803718,0.0,,0.2622369220856964,0.2622369220856964,,True,False
2.1095890410958904,21,0,Lead Car,,21.50174984803718,0.0,,0.2622369220856964,0.2622369220856964,,True,False
2.2100456621004563,22,0,Lead Car,,21.50174984803718,0.0,,0.2622369220856964,0.2622369220856964,,True,False
2.3105022831050226,23,0,Lead Car,,21.50174984803718,0.0,,0.2622369220856964,0.2622369220856964,,True,False
2.410958904109589,24,0,Lead Car,,21.50174984803718,0.0,,0.2622369220856964,0.2622369220856964,,True,False
2.5114155251141552,25,0,Lead Car,,21.50174984803718,0.0,,0.2622369220856964,0.2622369220856964,,True,False
2.6118721461187215,26,0,Lead Car,,21.50174984803718,0.0,,0.2622369220856964,0.2622369220856964,,True,False
2.7123287671232874,27,0,Lead Car,,21.50174984803718,0.0,,0.2622369220856964,0.2622369220856964,,True,False
2.8127853881278537,28,0,Lead Car,,21.50174984803718,0.0,,0.2622369220856964,0.2622369220856964,,True,False
2.91324200913242,29,0,Lead Car,,21.50174984803718,0.0,,0.2622369220856964,0.2622369220856964,,True,False
3.013698630136986,30,0,Lead Car,,21.50174984803718,0.0,,0.2622369220856964,0.2622369220856964,,True,False
3.1141552511415522,31,0,Lead Car,,21.50174984803718,0.0,,0.2622369220856964,0.2622369220856964,,True,False
3.2146118721461185,32,0,Lead Car,,21.50174984803718,0.0,,0.2622369220856964,0.2622369220856964,,True,False
3.315068493150685,33,0,Lead Car,,21.50174984803718,0.0,,0.2622369220856964,0.2622369220856964,,True,False
3.415525114155251,34,0,Lead Car,,21.50174984803718,0.0,,0.2622369220856964,0.2622369220856964,,True,False
3.515981735159817,35,0,Lead Car,,21.50174984803718,0.0,,0.2622369220856964,0.2622369220856964,,True,False
3.6164383561643834,36,0,Lead Car,,21.50174984803718,0.0,,0.2622369220856964,0.2622369220856964,,True,False
3.7168949771689497,37,0,Lead Car,,21.50174984803718,0.0,,0.2622369220856964,0.2622369220856964,,True,False
3.8173515981735155,38,0,Lead Car,,21.50174984803718,0.0,,0.2622369220856964,0.2622369220856964,,True,False
3.917808219178082,39,0,Lead Car,,21.50174984803718,0.0,,0.2622369220856964,0.2622369220856964,,True,False
4.018264840182648,40,0,Lead Car,,21.50174984803718,0.0,,0.2622369220856964,0.2622369220856964,,True,False
4.1187214611872145,41,0,Lead Car,,21.50174984803718,0.0,,0.2622369220856964,0.2622369220856964,,True,False
4.219178082191781,42,0,Lead Car,,21.50174984803718,0.0,,0.2622369220856964,0.2622369220856964,,True,False
4.319634703196347,43,0,Lead Car,,21.50174984803718,0.0,,0.2622369220856964,0.2622369220856964,,True,False
4.4200913242009126,44,0,Lead Car,,21.50174984803718,0.0,,0.2622369220856964,0.2622369220856964,,True,False
4.520547945205479,45,0,Lead Car,,21.50174984803718,0.0,,0.2622369220856964,0.2622369220856964,,True,False
4.621004566210045,46,0,Lead Car,,21.50174984803718,0.0,,0.2622369220856964,0.2622369220856964,,True,False
4.7214611872146115,47,0,Lead Car,,21.50174984803718,0.0,,0.2622369220856964,0.2622369220856964,,True,False
4.821917808219178,48,0,Lead Car,,21.50174984803718,0.0,,0.2622369220856964,0.2622369220856964,,True,False
4.922374429223744,49,0,Lead Car,,21.50174984803718,0.0,,0.2622369220856964,0.2622369220856964,,True,False
5.0228310502283104,50,0,Lead Car,,21.50174984803718,0.0,,0.2622369220856964,0.2622369220856964,,True,False
5.123287671232877,51,0,Lead Car,,21.50174984803718,0.0,,0.2622369220856964,0.2622369220856964,,True,False
5.223744292237443,52,0,Lead Car,,21.50174984803718,0.0,,0.2622369220856964,0.2622369220856964,,True,False
5.3242009132420085,53,0,Lead Car,,21.50174984803718,0.0,,0.2622369220856964,0.2622369220856964,,True,False
5.424657534246575,54,0,Lead Car,,21.50174984803718,0.0,,0.2622369220856964,0.2622369220856964,,True,False
5.525114155251141,55,0,Lead Car,,21.50174984803718,0.0,,0.2622369220856964,0.2622369220856964,,True,False
5.6255707762557075,56,0,Lead Car,,21.50174984803718,0.0,,0.2622369220856964,0.2622369220856964,,True,False
5.726027397260274,57,0,Lead Car,,21.50174984803718,0.0,,0.2622369220856964,0.2622369220856964,,True,False
5.82648401826484,58,0,Lead Car,,21.50174984803718,0.0,,0.2622369220856964,0.2622369220856964,,True,False
5.926940639269406,59,0,Lead Car,,21.50174984803718,0.0,,0.2622369220856964,0.2622369220856964,,True,False
6.027397260273972,60,0,Lead Car,,21.50174984803718,0.0,,0.2622369220856964,0.2622369220856964,,True,False
6.127853881278538,61,0,Lead Car,,21.50174984803718,0.0,,0.2622369220856964,0.2622369220856964,,True,False
6.2283105022831045,62,0,Lead Car,,21.50174984803718,0.0,,0.2622369220856964,0.2622369220856964,,True,False
6.328767123287671,63,0,Lead Car,,21.50174984803718,0.0,,0.2622369220856964,0.2622369220856964,,True,False
6.429223744292237,64,0,Lead Car,,21.50174984803718,0.0,,0.2622369220856964,0.2622369220856964,,True,False
6.529680365296803,65,0,Lead Car,,21.50174984803718,0.0,,0.2622369220856964,0.2622369220856964,,True,False
6.63013698630137,66,0,Lead Car,,21.50174984803718,0.0,,0.2622369220856964,0.2622369220856964,,True,False
6.730593607305936,67,0,Lead Car,,21.50174984803718,0.0,,0.2622369220856964,0.2622369220856964,,True,False
6.831050228310502,68,0,Lead Car,,21.50174984803718,0.0,,0.2622369220856964,0.2622369220856964,,True,False
6.931506849315068,69,0,Lead Car,,21.50174984803718,0.0,,0.2622369220856964,0.2622369220856964,,True,False
7.031963470319634,70,0,Lead Car,,21.50174984803718,0.0,,0.2622369220856964,0.2622369220856964,,True,False
7.1324200913242,71,0,Lead Car,,21.50174984803718,0.0,,0.2622369220856964,0.2622369220856964,,True,False
7.232876712328767,72,0,Lead Car,,21.50174984803718,0.0,,0.2622369220856964,0.2622369220856964,,True,False
7.333333333333333,73,0,Lead Car,,21.50174984803718,0.0,,0.2622369220856964,0.2622369220856964,,True,False
7.433789954337899,74,0,Lead Car,,21.50174984803718,0.0,,0.2622369220856964,0.2622369220856964,,True,False
7.534246575342466,75,0,Lead Car,,21.50174984803718,0.0,,0.2622369220856964,0.2622369220856964,,True,False
7.634703196347031,76,0,Lead Car,,21.50174984803718,0.0,,0.2622369220856964,0.2622369220856964,,True,False
7.735159817351597,77,0,Lead Car,,21.50174984803718,0.0,,0.2622369220856964,0.2622369220856964,,True,False
7.835616438356164,78,0,Lead Car,,21.50174984803718,0.0,,0.2622369220856964,0.2622369220856964,,True,False
7.93607305936073,79,0,Lead Car,,21.50174984803718,0.0,,0.2622369220856964,0.2622369220856964,,True,False
8.036529680365296,80,0,Lead Car,,21.50174984803718,0.0,,0.2622369220856964,0.2622369220856964,,True,False
8.136986301369863,81,0,Lead Car,,21.50174984803718,0.0,,0.2622369220856964,0.2622369220856964,,True,False
8.237442922374429,82,0,Lead Car,,21.50174984803718,0.0,,0.2622369220856964,0.2622369220856964,,True,False
8.337899543378995,83,0,Lead Car,,21.50174984803718,0.0,,0.2622369220856964,0.2622369220856964,,True,False
8.438356164383562,84,0,Lead Car,,21.50174984803718,0.0,,0.2622369220856964,0.2622369220856964,,True,False
8.538812785388128,85,0,Lead Car,,21.50174984803718,0.0,,0.2622369220856964,0.2622369220856964,,True,False
8.639269406392694,86,0,Lead Car,,21.50174984803718,0.0,,0.2622369220856964,0.2622369220856964,,True,False
8.73972602739726,87,0,Lead Car,,21.50174984803718,0.0,,0.2622369220856964,0.2622369220856964,,True,False
8.840182648401825,88,0,Lead Car,,21.50174984803718,0.0,,0.2622369220856964,0.2622369220856964,,True,False
8.940639269406391,89,0,Lead Car,,21.50174984803718,0.0,,0.2622369220856964,0.2622369220856964,,True,False
9.041095890410958,90,0,Lead Car,,21.50174984803718,0.0,,0.2622369220856964,0.2622369220856964,,True,False
9.141552511415524,91,0,Lead Car,,21.50174984803718,0.0,,0.2622369220856964,0.2622369220856964,,True,False
9.24200913242009,92,0,Lead Car,,21.50174984803718,0.0,,0.2622369220856964,0.2622369220856964,,True,False
9.342465753424657,93,0,Lead Car,,21.50174984803718,0.0,,0.2622369220856964,0.2622369220856964,,True,False
9.442922374429223,94,0,Lead Car,,21.50174984803718,0.0,,0.2622369220856964,0.2622369220856964,,True,False
9.54337899543379,95,0,Lead Car,,21.50174984803718,0.0,,0.2622369220856964,0.2622369220856964,,True,False
9.643835616438356,96,0,Lead Car,,21.50174984803718,0.0,,0.2622369220856964,0.2622369220856964,,True,False
9.744292237442922,97,0,Lead Car,,21.50174984803718,0.0,,0.2622369220856964,0.2622369220856964,,True,False
9.844748858447488,98,0,Lead Car,,21.50174984803718,0.0,,0.2622369220856964,0.2622369220856964,,True,False
9.945205479452055,99,0,Lead Car,,21.50174984803718,0.0,,0.2622369220856964,0.2622369220856964,,True,False
10.045662100456621,100,0,Lead Car,,21.50174984803718,0.0,,0.2622369220856964,0.2622369220856964,,True,False
10.146118721461187,101,0,Lead Car,,21.50174984803718,0.0,,0.2622369220856964,0.2622369220856964,,True,False
10.246575342465754,102,0,Lead Car,,21.50174984803718,0.0,,0.2622369220856964,0.2622369220856964,,True,False
10.34703196347032,103,0,Lead Car,,21.50174984803718,0.0,,0.2622369220856964,0.2622369220856964,,True,False
10.447488584474886,104,0,Lead Car,,21.50174984803718,0.0,,0.2622369220856964,0.2622369220856964,,True,False
10.54794520547945,105,0,Lead Car,,21.50174984803718,0.0,,0.2622369220856964,0.2622369220856964,,True,False
10.648401826484017,106,0,Lead Car,,21.50174984803718,0.0,,0.2622369220856964,0.2622369220856964,,True,False
10.748858447488583,107,0,Lead Car,,21.50174984803718,0.0,,0.2622369220856964,0.2622369220856964,,True,False
10.84931506849315,108,0,Lead Car,,21.50174984803718,0.0,,0.2622369220856964,0.2622369220856964,,True,False
10.949771689497716,109,0,Lead Car,,21.50174984803718,0.0,,0.2622369220856964,0.2622369220856964,,True,False
11.050228310502282,110,0,Lead Car,,21.50174984803718,0.0,,0.2622369220856964,0.2622369220856964,,True,False
11.150684931506849,111,0,Lead Car,,21.50174984803718,0.0,,0.2622369220856964,0.2622369220856964,,True,False
11.251141552511415,112,0,Lead Car,,21.50174984803718,0.0,,0.2622369220856964,0.2622369220856964,,True,False
11.351598173515981,113,0,Lead Car,,21.50174984803718,0.0,,0.2622369220856964,0.2622369220856964,,True,False
11.452054794520548,114,0,Lead Car,,21.50174984803718,0.0,,0.2622369220856964,0.2622369220856964,,True,False
11.552511415525114,115,0,Lead Car,,21.50174984803718,0.0,,0.2622369220856964,0.2622369220856964,,True,False
11.65296803652968,116,0,Lead Car,,21.50174984803718,0.0,,0.2622369220856964,0.2622369220856964,,True,False
11.753424657534246,117,0,Lead Car,,21.50174984803718,0.0,,0.2622369220856964,0.2622369220856964,,True,False
11.853881278538813,118,0,Lead Car,,21.50174984803718,0.0,,0.2622369220856964,0.2622369220856964,,True,False
11.954337899543379,119,0,Lead Car,,21.50174984803718,0.0,,0.2622369220856964,0.2622369220856964,,True,False
12.054794520547944,120,0,Lead Car,,21.50174984803718,0.0,,0.2622369220856964,0.2622369220856964,,True,False
12.15525114155251,121,0,Lead Car,,21.50174984803718,0.0,,0.2622369220856964,0.2622369220856964,,True,False
12.255707762557076,122,0,Lead Car,,21.50174984803718,0.0,,0.2622369220856964,0.2622369220856964,,True,False
12.356164383561643,123,0,Lead Car,,21.50174984803718,0.0,,0.2622369220856964,0.2622369220856964,,True,False
12.456621004566209,124,0,Lead Car,,21.50174984803718,0.0,,0.2622369220856964,0.2622369220856964,,True,False
12.557077625570775,125,0,Lead Car,,21.50174984803718,0.0,,0.2622369220856964,0.2622369220856964,,True,False
12.657534246575342,126,0,Lead Car,,21.50174984803718,0.0,,0.2622369220856964,0.2622369220856964,,True,False
12.757990867579908,127,0,Lead Car,,21.50174984803718,0.0,,0.2622369220856964,0.2622369220856964,,True,False
12.858447488584474,128,0,Lead Car,,21.50174984803718,0.0,,0.2622369220856964,0.2622369220856964,,True,False
12.95890410958904,129,0,Lead Car,,21.50174984803718,0.0,,0.2622369220856964,0.2622369220856964,,True,False
13.059360730593607,130,0,Lead Car,,21.50174984803718,0.0,,0.2622369220856964,0.2622369220856964,,True,False
13.159817351598173,131,0,Lead Car,,21.50174984803718,0.0,,0.2622369220856964,0.2622369220856964,,True,False
13.26027397260274,132,0,Lead Car,,21.50174984803718,0.0,,0.2622369220856964,0.2622369220856964,,True,False
13.360730593607306,133,0,Lead Car,,21.50174984803718,0.0,,0.2622369220856964,0.2622369220856964,,True,False
13.461187214611872,134,0,Lead Car,,21.50174984803718,0.0,,0.2622369220856964,0.2622369220856964,,True,False
13.561643835616438,135,0,Lead Car,,21.50174984803718,0.0,,0.2622369220856964,0.2622369220856964,,True,False
13.662100456621005,136,0,Lead Car,,21.50174984803718,0.0,,0.2622369220856964,0.2622369220856964,,True,False
13.76255707762557,137,0,Lead Car,,21.50174984803718,0.0,,0.2622369220856964,0.2622369220856964,,True,False
13.863013698630136,138,0,Lead Car,,21.50174984803718,0.0,,0.2622369220856964,0.2622369220856964,,True,False
13.963470319634702,139,0,Lead Car,,21.50174984803718,0.0,,0.2622369220856964,0.2622369220856964,,True,False
14.063926940639268,140,0,Lead Car,,21.50174984803718,0.0,,0.2622369220856964,0.2622369220856964,,True,False
14.164383561643834,141,0,Lead Car,,21.50174984803718,0.0,,0.2622369220856964,0.2622369220856964,,True,False
14.2648401826484,142,0,Lead Car,,21.50174984803718,0.0,,0.2622369220856964,0.2622369220856964,,True,False
14.365296803652967,143,0,Lead Car,,21.50174984803718,0.0,,0.2622369220856964,0.2622369220856964,,True,False
14.465753424657533,144,0,Lead Car,,21.50174984803718,0.0,,0.2622369220856964,0.2622369220856964,,True,False
14.5662100456621,145,0,Lead Car,,21.50174984803718,0.0,,0.2622369220856964,0.2622369220856964,,True,False
14.666666666666666,146,0,Lead Car,,21.50174984803718,0.0,,0.2622369220856964,0.2622369220856964,,True,False
14.767123287671232,147,0,Lead Car,,21.50174984803718,0.0,,0.2622369220856964,0.2622369220856964,,True,False
14.867579908675799,148,0,Lead Car,,21.50174984803718,0.0,,0.2622369220856964,0.2622369220856964,,True,False
14.968036529680365,149,0,Lead Car,,21.50174984803718,0.0,,0.2622369220856964,0.2622369220856964,,True,False
15.068493150684931,150,0,Lead Car,,21.50174984803718,0.0,,0.2622369220856964,0.2622369220856964,,True,False
15.168949771689498,151,0,Lead Car,,21.50174984803718,0.0,,0.2622369220856964,0.2622369220856964,,True,False
15.269406392694062,152,0,Lead Car,,21.50174984803718,0.0,,0.2622369220856964,0.2622369220856964,,True,False
15.369863013698629,153,0,Lead Car,,21.50174984803718,0.0,,0.2622369220856964,0.2622369220856964,,True,False
15.470319634703195,154,0,Lead Car,,21.50174984803718,0.0,,0.2622369220856964,0.2622369220856964,,True,False
15.570776255707761,155,0,Lead Car,,21.50174984803718,0.0,,0.2622369220856964,0.2622369220856964,,True,False
15.671232876712327,156,0,Lead Car,,21.50174984803718,0.0,,0.2622369220856964,0.2622369220856964,,True,False
15.771689497716894,157,0,Lead Car,,21.50174984803718,0.0,,0.2622369220856964,0.2622369220856964,,True,False
15.87214611872146,158,0,Lead Car,,21.50174984803718,0.0,,0.2622369220856964,0.2622369220856964,,True,False
15.972602739726026,159,0,Lead Car,,21.50174984803718,0.0,,0.2622369220856964,0.2622369220856964,,True,False
16.073059360730593,160,0,Lead Car,,21.50174984803718,0.0,,0.2622369220856964,0.2622369220856964,,True,False
16.173515981735157,161,0,Lead Car,,21.50174984803718,0.0,,0.2622369220856964,0.2622369220856964,,True,False
16.273972602739725,162,0,Lead Car,,21.50174984803718,0.0,,0.2622369220856964,0.2622369220856964,,True,False
16.37442922374429,163,0,Lead Car,,21.50174984803718,0.0,,0.2622369220856964,0.2622369220856964,,True,False
16.474885844748858,164,0,Lead Car,,21.50174984803718,0.0,,0.2622369220856964,0.2622369220856964,,True,False
16.575342465753423,165,0,Lead Car,,21.50174984803718,0.0,,0.2622369220856964,0.2622369220856964,,True,False
16.67579908675799,166,0,Lead Car,,21.50174984803718,0.0,,0.2622369220856964,0.2622369220856964,,True,False
16.776255707762555,167,0,Lead Car,,21.50174984803718,0.0,,0.2622369220856964,0.2622369220856964,,True,False
16.876712328767123,168,0,Lead Car,,21.50174984803718,0.0,,0.2622369220856964,0.2622369220856964,,True,False
16.977168949771688,169,0,Lead Car,,21.50174984803718,0.0,,0.2622369220856964,0.2622369220856964,,True,False
17.077625570776256,170,0,Lead Car,,21.50174984803718,0.0,,0.2622369220856964,0.2622369220856964,,True,False
17.17808219178082,171,0,Lead Car,,21.50174984803718,0.0,,0.2622369220856964,0.2622369220856964,,True,False
17.27853881278539,172,0,Lead Car,,21.50174984803718,0.0,,0.2622369220856964,0.2622369220856964,,True,False
17.378995433789953,173,0,Lead Car,,21.50174984803718,0.0,,0.2622369220856964,0.2622369220856964,,True,False
17.47945205479452,174,0,Lead Car,,21.50174984803718,0.0,,0.2622369220856964,0.2622369220856964,,True,False
17.579908675799086,175,0,Lead Car,,21.50174984803718,0.0,,0.2622369220856964,0.2622369220856964,,True,False
17.68036529680365,176,0,Lead Car,,21.50174984803718,0.0,,0.2622369220856964,0.2622369220856964,,True,False
17.78082191780822,177,0,Lead Car,,21.50174984803718,0.0,,0.2622369220856964,0.2622369220856964,,True,False
17.881278538812783,178,0,Lead Car,,21.50174984803718,0.0,,0.2622369220856964,0.2622369220856964,,True,False
17.98173515981735,179,0,Lead Car,,21.50174984803718,0.0,,0.2622369220856964,0.2622369220856964,,True,False
18.082191780821915,180,0,Lead Car,,21.50174984803718,0.0,,0.2622369220856964,0.2622369220856964,,True,False
18.182648401826484,181,0,Lead Car,,21.50174984803718,0.0,,0.2622369220856964,0.2622369220856964,,True,False
18.283105022831048,182,0,Lead Car,,21.50174984803718,0.0,,0.2622369220856964,0.2622369220856964,,True,False
18.383561643835616,183,0,Lead Car,,21.50174984803718,0.0,,0.2622369220856964,0.2622369220856964,,True,False
18.48401826484018,184,0,Lead Car,,21.50174984803718,0.0,,0.2622369220856964,0.2622369220856964,,True,False
18.58447488584475,185,0,Lead Car,,21.50174984803718,0.0,,0.2622369220856964,0.2622369220856964,,True,False
18.684931506849313,186,0,Lead Car,,21.50174984803718,0.0,,0.2622369220856964,0.2622369220856964,,True,False
18.78538812785388,187,0,Lead Car,,21.50174984803718,0.0,,0.2622369220856964,0.2622369220856964,,True,False
18.885844748858446,188,0,Lead Car,,21.50174984803718,0.0,,0.2622369220856964,0.2622369220856964,,True,False
18.986301369863014,189,0,Lead Car,,21.50174984803718,0.0,,0.2622369220856964,0.2622369220856964,,True,False
19.08675799086758,190,0,Lead Car,,21.50174984803718,0.0,,0.2622369220856964,0.2622369220856964,,True,False
19.187214611872147,191,0,Lead Car,,21.50174984803718,0.0,,0.2622369220856964,0.2622369220856964,,True,False
19.28767123287671,192,0,Lead Car,,21.50174984803718,0.0,,0.2622369220856964,0.2622369220856964,,True,False
19.388127853881276,193,0,Lead Car,,21.50174984803718,0.0,,0.2622369220856964,0.2622369220856964,,True,False
19.488584474885844,194,0,Lead Car,,21.50174984803718,0.0,,0.2622369220856964,0.2622369220856964,,True,False
19.58904109589041,195,0,Lead Car,,21.50174984803718,0.0,,0.2622369220856964,0.2622369220856964,,True,False
19.689497716894977,196,0,Lead Car,,21.50174984803718,0.0,,0.2622369220856964,0.2622369220856964,,True,False
19.78995433789954,197,0,Lead Car,,21.50174984803718,0.0,,0.2622369220856964,0.2622369220856964,,True,False
19.89041095890411,198,0,Lead Car,,21.50174984803718,0.0,,0.2622369220856964,0.2622369220856964,,True,False
19.990867579908674,199,0,Lead Car,,21.50174984803718,0.0,,0.2622369220856964,0.2622369220856964,,True,False
20.091324200913242,200,0,Lead Car,,21.50174984803718,0.0,,0.2622369220856964,0.2622369220856964,,True,False
20.191780821917806,201,0,Lead Car,,21.50174984803718,0.0,,0.2622369220856964,0.2622369220856964,,True,False
20.292237442922374,202,0,Lead Car,,21.50174984803718,0.0,,0.2622369220856964,0.2622369220856964,,True,False
20.39269406392694,203,0,Lead Car,,21.50174984803718,0.0,,0.2622369220856964,0.2622369220856964,,True,False
20.493150684931507,204,0,Lead Car,,21.50174984803718,0.0,,0.2622369220856964,0.2622369220856964,,True,False
20.59360730593607,205,0,Lead Car,,21.50174984803718,0.0,,0.2622369220856964,0.2622369220856964,,True,False
20.69406392694064,206,0,Lead Car,,21.50174984803718,0.0,,0.2622369220856964,0.2622369220856964,,True,False
20.794520547945204,207,0,Lead Car,,21.50174984803718,0.0,,0.2622369220856964,0.2622369220856964,,True,False
20.894977168949772,208,0,Lead Car,,21.50174984803718,0.0,,0.2622369220856964,0.2622369220856964,,True,False
20.995433789954337,209,0,Lead Car,,21.50174984803718,0.0,,0.2622369220856964,0.2622369220856964,,True,False
21.0958904109589,210,0,Lead Car,,21.50174984803718,0.0,,0.2622369220856964,0.2622369220856964,,True,False
21.19634703196347,211,0,Lead Car,,21.50174984803718,0.0,,0.2622369220856964,0.2622369220856964,,True,False
21.296803652968034,212,0,Lead Car,,21.50174984803718,0.0,,0.2622369220856964,0.2622369220856964,,True,False
21.397260273972602,213,0,Lead Car,,21.50174984803718,0.0,,0.2622369220856964,0.2622369220856964,,True,False
21.497716894977167,214,0,Lead Car,,21.50174984803718,0.0,,0.2622369220856964,0.2622369220856964,,True,False
21.598173515981735,215,0,Lead Car,,21.50174984803718,0.0,,0.2622369220856964,0.2622369220856964,,True,False
21.6986301369863,216,0,Lead Car,,21.50174984803718,0.0,,0.2622369220856964,0.2622369220856964,,True,False
21.799086757990867,217,0,Lead Car,,21.50174984803718,0.0,,0.2622369220856964,0.2622369220856964,,True,False
21.899543378995432,218,0,Lead Car,,21.50174984803718,0.0,,0.2622369220856964,0.2622369220856964,,True,False
22.0,219,0,Lead Car,,21.50174984803718,0.0,,0.2622369220856964,0.2622369220856964,,True,False
